site,MLE,Lower,Upper
1,0,0,1.45257463978
2,0.807944547503,0.133574132518,2.53323374363
3,0,0,1.10029229946
4,0.829857326825,0.137387334588,2.59789959834
5,2.76492479292,0.850072895586,6.55380279562
6,0.726333358103,0.0413125761293,3.23393334087
7,0.492772531424,0.0280629292295,2.1885080755
8,0,0,1.5176121519
9,0,0,0.75606530671
10,0.400273348373,0.0227734963134,1.78368753222
11,0.686909649246,0.0390828548015,3.06058914935
12,0,0,1.5176121519
13,1.3408624981,0.221418666563,4.20220908052
14,0.395516307257,0.0225085153893,1.7607941988
15,0,0,1.54652889035
16,0.394256604243,0.0224373086992,1.75505419631
17,0,0,0.788159944628
18,0.723166912013,0.0411560499549,3.22945738985
19,1.93227782896,0.609339204335,4.44700732738
20,0,0,1.5176121519
21,2.08003748191,0.512570689016,5.50525271404
22,1.54104041207,0.255104587631,4.81580141596
23,1.22317287558,0.301762218378,3.22923290271
24,0,0,0.788159944628
25,0,0,0.80535654517
26,3.13300211294,0.519004394153,9.76388636691
27,4.27089122144,1.65833472999,9.15620431476
28,0,0,1.33522964214
29,0,0,3.07319857928
30,1.83918170024,0.455434620372,4.81897379249
31,0,0,1.15288404575
32,0,0,1.5176121519
33,0,0,1.02613195349
34,3.64250943208,1.29923459827,7.90887512935
35,2.93523791819,0.901709124829,6.96841884028
36,2.23717556352,0.688734806652,5.29583137423
37,6.50770649871,3.29155827823,11.6622210455
38,0,0,6.07079352778