site,MLE,Lower,Upper
1,0,0,1.42771532009
2,0.79162555026,0.13097168761,2.48012169298
3,0,0,0.876875615571
4,0.870816050531,0.144153356879,2.72418613599
5,2.68694729252,0.826060371296,6.36927321122
6,0.681155285537,0.0387537211713,3.03548184111
7,0.488643401745,0.0278194450182,2.16814631999
8,0,0,1.77676683587
9,0,0,0.72838010829
10,0.410608195453,0.0233641783566,1.82900548485
11,0.641241797042,0.0364546056062,2.85488748785
12,0,0,1.77676683587
13,1.25235060253,0.206998925409,3.92819753789
14,0.381301476773,0.0217054997224,1.69586728008
15,0,0,1.90925161082
16,0.380296777197,0.0216487747095,1.69126876696
17,0,0,0.842015157393
18,0.675555859209,0.0384478300297,3.01468919429
19,2.1380968955,0.685942263559,4.86069495594
20,0,0,1.77676683587
21,1.98238369517,0.488885224862,5.24240931425
22,1.51541643862,0.251062166148,4.73387740743
23,1.25490435711,0.30967255655,3.31100708251
24,0,0,0.842015157393
25,0,0,0.86103036578
26,2.41497777695,0.400233825056,7.51981365188
27,4.23151089771,1.63743152275,9.07132928571
28,0,0,1.06520261702
29,0,0,2.3401274774
30,2.04598584613,0.507564839615,5.34990707219
31,0,0,1.31368052813
32,0,0,1.77676683587
33,0,0,1.1042183116
34,3.01605778402,1.07734557845,6.53062877227
35,2.75094767459,0.844936674876,6.53760195928
36,2.39755806909,0.738683574081,5.65910838787
37,6.18972388263,3.13420113615,11.0703760882
38,0,0,6.74120030277