site,MLE,Lower,Upper
1,0,0,1.11928364233
2,1.08737263005,0.179581508065,3.4179151748
3,0,0,1.06683608809
4,1.05389083103,0.174520430838,3.28980871113
5,2.18474233107,0.66993680147,5.2336805363
6,0.516797266847,0.029341727108,2.3217325357
7,0.434559350214,0.0247462846479,1.93022629859
8,0,0,1.9372137216
9,0,0,0.977412198906
10,0.586611854573,0.0334175870341,2.60171753569
11,0.493166128661,0.0280102393286,2.21261377665
12,0,0,1.9372137216
13,0.98901382359,0.163024923417,3.12676839366
14,0.53039103643,0.0301509833606,2.37126467001
15,0,0,2.61429356857
16,0.529895455005,0.03012901045,2.36747589721
17,0,0,0.794307527874
18,0.519272222813,0.0295083567823,2.32602752056
19,2.02742837089,0.630931886538,4.73874031049
20,0,0,1.9372137216
21,1.61868493697,0.39789974074,4.31639229175
22,1.13916141801,0.18877498917,3.563090834
23,1.80889353233,0.447748486658,4.74012461584
24,0,0,0.794307527874
25,0,0,0.850815540211
26,2.25911501933,0.374077712573,7.06042617902
27,3.72698904531,1.43644237547,8.05961067951
28,0,0,0.965320472668
29,0,0,2.2170123127
30,1.73393864444,0.428896430852,4.56451043799
31,0,0,1.09922912101
32,0,0,1.9372137216
33,0,0,1.0744166744
34,2.72631733691,0.972850134221,5.91495130456
35,2.10996611686,0.642944348141,5.09424073991
36,2.36087951316,0.726012955537,5.59528785055
37,6.94919539677,3.50253213484,12.5149722513
38,0,0,5.66608476662