site,MLE,Lower,Upper
1,0,0,1.32526962679
2,0.735397620438,0.121563320892,2.3026947542
3,0,0,0.81398712995
4,0.808712696955,0.133817719689,2.52940947007
5,2.50681057734,0.77058209462,5.94372269943
6,0.632459414891,0.0359561893287,2.81690261344
7,0.453722037635,0.0258416969465,2.01436634465
8,0,0,1.64935457172
9,0,0,0.676155642152
10,0.381173415,0.0216883659486,1.69816783846
11,0.593522871326,0.0338112187238,2.64822473816
12,0,0,1.64935457172
13,1.16468250298,0.192488362532,3.65423017189
14,0.353950795887,0.0201478603366,1.5744029578
15,0,0,1.77227770515
16,0.353034102521,0.0200960842988,1.57021113787
17,0,0,0.781616472231
18,0.627329733102,0.0357079723466,2.80051648976
19,1.98990766321,0.639592660429,4.52183585311
20,0,0,1.64935457172
21,1.84183940126,0.453989177487,4.87198314929
22,1.40768727994,0.232906078837,4.39237382701
23,1.16526726477,0.287520936202,3.07532147001
24,0,0,0.781616472231
25,0,0,0.799279952597
26,2.24444121377,0.371582396756,6.98258986312
27,3.93786370084,1.5220945045,8.46338631442
28,0,0,0.988780076086
29,0,0,2.17229277351
30,1.90035806754,0.471096485932,4.96649741204
31,0,0,1.21944675673
32,0,0,1.64935457172
33,0,0,1.02504271242
34,2.80331052536,1.00129865077,6.07060843953
35,2.55528902245,0.784719441844,6.07472778956
36,2.21715636197,0.683488876217,5.2371917857
37,5.760719374,2.91635260433,10.3108950988
38,0,0,6.22498508971