site,MLE,Lower,Upper
1,0,0,0.337700373652
2,0.384054399457,0.063319739393,1.21310942826
3,0,0,3.13513084529
4,0.371486767686,0.0614497268592,1.16305215465
5,2.02149301414,0.615544636708,4.8789932205
6,0.51436435503,0.0291368315244,2.32902101777
7,0.39883456872,0.0226990897165,1.77512846197
8,0,0,4.60475146859
9,0,0,0.422995800517
10,0.137299424517,0.00781661817063,0.610443731683
11,0.476433596667,0.0269865852557,2.15558679567
12,0,0,4.60475146859
13,0.960258006043,0.157348894979,3.07730417165
14,0.218527631627,0.0123908160506,0.986399020581
15,0,0,2.12296151001
16,0.218784915669,0.0124072945925,0.986754550177
17,0,0,0.435700634806
18,0.49156755277,0.0278196161864,2.23200203428
19,1.48720861967,0.459773149459,3.50312432823
20,0,0,4.60475146859
21,1.48398508833,0.361278442968,4.01846154532
22,1.05965656985,0.175150968574,3.32346940313
23,0.424291520567,0.104844651059,1.1168146858
24,0,0,0.435700634806
25,0,0,0.666880691238
26,0.79162555026,0.130979309597,2.48208052593
27,3.24330604107,1.23717397344,7.12326190694
28,0,0,1.8118669685
29,0,0,0.74801368604
30,6.46482539473,1.59697864841,16.9604564677
31,0,0,4.09620902698
32,0,0,4.60475146859
33,0,0,1.4599824159
34,5.49117918255,1.9597554756,11.9115981626
35,2.09262351766,0.633922025447,5.11404992858
36,3.25045087825,1.00154462376,7.66665320472
37,4.40210594513,2.15682771036,8.3464609223
38,0,0,19.671654019