site,MLE,Lower,Upper
1,0,0,1.24020424929
2,0.0438864684568,0.00713826596182,0.14443147099
3,0,0,1.24020424929
4,0.0758977615999,0.012235916242,0.257287636551
5,2.72761198423,0.845095132404,6.36693625529
6,0.651909201117,0.0371606660867,2.87530270641
7,0.655051689811,0.0373761126522,2.89189639624
8,0,0,1.24020424929
9,0,0,0.0388715882815
10,0.0202531990614,0.00114333417533,0.0931191504195
11,0.656137631506,0.0374000642219,2.89382044489
12,0,0,1.24020424929
13,1.34844870303,0.22412439562,4.18222446564
14,0.0202481291647,0.00114318351695,0.0930675293423
15,0,0,1.24020424929
16,0.0202974248805,0.00114601378074,0.0932557194483
17,0,0,1.24020424929
18,0.662646684821,0.037797529809,2.92512013791
19,2.61206088277,0.751144819944,6.23131360089
20,0,0,1.24020424929
21,2.02742837089,0.503978886765,5.28807274362
22,1.3123506033,0.217910066659,4.06344986977
23,0.0663376662304,0.0160134698029,0.185597259663
24,0,0,1.24020424929
25,0,0,1.24020424929
26,1.33462041443,0.221602034683,4.133769924
27,4.27080099701,1.68999072995,8.72393609421
28,0,0,1.24020424929
29,0,0,1.24020424929
30,2.03782591441,0.505848391043,5.30617399772
31,0,0,1.24020424929
32,0,0,1.24020424929
33,0,0,1.24020424929
34,3.51245037822,1.25561096457,7.59551491938
35,2.69449204616,0.834889648958,6.28921977963
36,2.66852523252,0.826720136754,6.22638817922
37,6.57765442005,3.09567056755,12.0393447199
38,0,0,5.74518297473