site,MLE,Lower,Upper
1,0,0,0.503583148663
2,0.573127720297,0.0945163941507,1.80910276262
3,0,0,4.67488923743
4,0.557021492533,0.0921476815692,1.74353989265
5,3.00252976993,0.914228642556,7.24488065263
6,0.768220386955,0.0435359148477,3.47821966073
7,0.59163541474,0.0336780290792,2.63310847851
8,0,0,6.86642572344
9,0,0,0.630683511346
10,0.204733245572,0.0116561159266,0.910121593024
11,0.709353549885,0.0401858825883,3.20823642992
12,0,0,6.86642572344
13,1.42763096672,0.234010390558,4.57123407173
14,0.325869498237,0.0184791791642,1.47038771144
15,0,0,3.16577795717
16,0.326657692255,0.0185264084827,1.4729289099
17,0,0,0.649696385169
18,0.732851496827,0.0414796340413,3.32609127416
19,2.22766057019,0.690085606962,5.22596190605
20,0,0,6.86642572344
21,2.21007461856,0.538774601337,5.9856370491
22,1.58047890103,0.261255542018,4.95591506666
23,0.632459414891,0.156225207194,1.66423516016
24,0,0,0.649696385169
25,0,0,0.994418722344
26,1.18084754176,0.195273755638,3.69950979149
27,4.83102843857,1.84234213014,10.6221321871
28,0,0,2.70186776089
29,0,0,1.11539463482
30,9.63593754812,2.3799254383,25.2748695623
31,0,0,6.10830685683
32,0,0,6.86642572344
33,0,0,2.17708200883
34,8.18214274262,2.92041351773,17.7457098139
35,3.10815399236,0.943210614213,7.60695094807
36,4.83164728365,1.48889860882,11.3939770946
37,6.44724383224,3.15186758763,12.2642173774
38,0,0,28.7785094211