site,MLE,Lower,Upper
1,0,0,1.15534083575
2,0.777038024609,0.128310461413,2.44424693488
3,0,0,0.803107384144
4,0.891675526075,0.147439366903,2.79389066405
5,2.50164276019,0.770102130519,5.91493569721
6,0.657990977586,0.0374406459905,2.93101612699
7,0.476116677221,0.0271117717546,2.11013690705
8,0,0,2.36874937786
9,0,0,0.725959675793
10,0.382245233175,0.021744237094,1.70438783575
11,0.603938640546,0.0343693495057,2.68885281617
12,0,0,2.36874937786
13,1.19208516304,0.197142781575,3.73438288611
14,0.380217606787,0.0216185954382,1.69850039517
15,0,0,2.10930086779
16,0.379264433134,0.0215639302741,1.69439204809
17,0,0,0.843745321586
18,0.629160389391,0.0357900778854,2.8054028593
19,2.4594287442,0.77171908564,5.68567711162
20,0,0,2.36874937786
21,1.8193562217,0.448753482133,4.80573344298
22,1.41510532908,0.234387939803,4.41544991859
23,1.17543496492,0.289718588847,3.10529776474
24,0,0,0.843745321586
25,0,0,1.05171249089
26,1.42300160097,0.236098735577,4.41908264949
27,3.74880336347,1.4597060542,7.92233161207
28,0,0,0.786927084968
29,0,0,1.35726578417
30,1.61866801563,0.399226286456,4.27559937395
31,0,0,1.07348799843
32,0,0,2.36874937786
33,0,0,0.938776237039
34,2.30605790342,0.822834275114,5.00397454554
35,2.58926158572,0.795426330228,6.14756188642
36,2.05895638128,0.634843461679,4.85013863983
37,6.26655124056,3.146169253,11.3790728109
38,0,0,5.76531486571