site,MLE,Lower,Upper
1,0,0,1.07674967983
2,1.04735616157,0.172954746799,3.29310404704
3,0,0,1.02648937167
4,1.01107592432,0.167401284035,3.15777207506
5,2.11955144717,0.648602652949,5.08109706629
6,0.497922892373,0.0282659535629,2.23830287132
7,0.415459582957,0.0236556045687,1.84599917945
8,0,0,1.86375773735
9,0,0,0.940499491921
10,0.563888221205,0.0321203910026,2.50177849291
11,0.473640837417,0.0268960953859,2.12664888234
12,0,0,1.86375773735
13,0.954238242456,0.157229299851,3.02037676075
14,0.510699402001,0.0290280225306,2.2843674306
15,0,0,2.51501668047
16,0.509375910684,0.0289569631344,2.27738584134
17,0,0,0.764175079502
18,0.502090770118,0.0285112632191,2.24834376536
19,1.97117592726,0.613466539764,4.59465992122
20,0,0,1.86375773735
21,1.56695609862,0.385114945661,4.18184035662
22,1.09490187048,0.181222770184,3.42269779846
23,1.73866835157,0.430642728797,4.56221219069
24,0,0,0.764175079502
25,0,0,0.818577145702
26,2.1768812237,0.360238240924,6.80256411071
27,3.63465896953,1.39680282761,7.90702863264
28,0,0,0.928665379138
29,0,0,2.13305007266
30,1.67181617487,0.412737688532,4.39634747247
31,0,0,1.05761101027
32,0,0,1.86375773735
33,0,0,1.03376542193
34,2.62843324811,0.937765764285,5.70482751848
35,2.03358490352,0.61946261141,4.92233995704
36,2.27313256456,0.698538621485,5.39174535348
37,6.76428980639,3.40797356623,12.1891247521
38,0,0,5.18197264609