site,MLE,Lower,Upper
1,0,0,1.29155111321
2,0.718718548861,0.118749345776,2.25265208019
3,0,0,0.9783654432
4,0.738140627459,0.122135073579,2.30995717451
5,2.47086677817,0.759660419648,5.8566777746
6,0.645406271537,0.0367242308778,2.87515516392
7,0.439481054539,0.0250275693759,1.95202233829
8,0,0,1.34940826915
9,0,0,0.672279136944
10,0.355919377094,0.0202493908485,1.58625286256
11,0.611013088856,0.0347642251576,2.72250022274
12,0,0,1.34940826915
13,1.19431853914,0.197393441067,3.74708199729
14,0.351664015813,0.0200123948689,1.56572672924
15,0,0,1.37510838135
16,0.350568364928,0.0199504583985,1.5607704418
17,0,0,0.700799975744
18,0.643886669024,0.0365952445534,2.8720702271
19,1.71980954092,0.543172705353,3.95976004341
20,0,0,1.34940826915
21,1.8504017939,0.455952618886,4.89821688924
22,1.37066008535,0.226895449504,4.2837367998
23,1.08781086977,0.268347722666,2.8723840411
24,0,0,0.700799975744
25,0,0,0.716096554609
26,2.78619273827,0.461539506867,8.68366511723
27,3.81359184858,1.47607719563,8.16556382106
28,0,0,1.18722267325
29,0,0,2.73258625116
30,1.63574285687,0.404870416907,4.28611169559
31,0,0,1.02510392567
32,0,0,1.34940826915
33,0,0,0.912416925966
34,3.24436418945,1.15567987995,7.03609951242
35,2.61058539388,0.801900933108,6.19894987337
36,1.99181949712,0.612948531447,4.71417404168
37,5.80217604099,2.93439653124,10.3998542687
38,0,0,5.43110594785