site,MLE,Lower,Upper
1,0,0,1.22454670787
2,0.823694417836,0.136029306113,2.59030270959
3,0,0,0.851180192189
4,0.9451758691,0.156298896443,2.96086282436
5,2.64158258818,0.813521329502,6.2445115348
6,0.698678348619,0.0397250844528,3.10904503566
7,0.503995100865,0.0286951097151,2.23301714348
8,0,0,2.51052107023
9,0,0,0.769369811376
10,0.405107095813,0.0230459325765,1.80601398329
11,0.639658786513,0.036401829093,2.84731129195
12,0,0,2.51052107023
13,1.26248873125,0.208632847874,3.95058341774
14,0.402978334188,0.0229139393704,1.79981349772
15,0,0,2.23561846128
16,0.402004285878,0.0228581430022,1.79559069922
17,0,0,0.894270308645
18,0.666711084083,0.0379329442507,2.97279253652
19,2.59837668138,0.814646068021,6.01189758027
20,0,0,2.51052107023
21,1.92687577555,0.475316608236,5.08861115312
22,1.49865746596,0.248231656413,4.6758015994
23,1.24460097804,0.307027244633,3.28929660039
24,0,0,0.894270308645
25,0,0,1.1146551395
26,1.50821297944,0.25024531971,4.6832717004
27,3.96356086656,1.54667603892,8.37766742348
28,0,0,0.834045234905
29,0,0,1.43854335046
30,1.71664792452,0.423357060841,4.53236571168
31,0,0,1.13768426152
32,0,0,2.51052107023
33,0,0,0.994961194913
34,2.4368474974,0.869491280159,5.28807834146
35,2.74219729538,0.84253764685,6.50843909456
36,2.17852696009,0.671852440953,5.13128311309
37,6.62692305761,3.32825940959,12.0266759463
38,0,0,6.12176184191