site,MLE,Lower,Upper
1,0,0,10000
2,43.325856046,2.45519784585,197.314566459
3,96.073520457,15.6291504539,324.421484122
4,0,0,3.41099924815
5,4.05323372083,0.667223789724,12.9696525634
6,1.48398508833,0.468549900777,4.53868682851
7,0.268363688596,0.0540708906028,0.986288348296
8,16.2303175413,5.97273499163,39.2082920795
9,16.2000681575,3.2445420198,46.0317307867
10,1.78419963276,0.101486966052,7.98796232557
11,0,0,3.41099924815
12,1.7841996329,0.10148696606,7.98796232615
13,3.61620179236,0.596994817319,11.4721731697
14,3.99252609546,0.658589536782,12.7783188934
15,3.99115567945,0.657151674355,12.7472779824
16,0.062268781685,0.00331474180097,0.390817066774
17,0.165573884436,0.0250237601037,0.647635791514
18,3.67334989726,0.606234896576,11.668973411
19,1.784199626,0.101486966009,7.98796232167
20,1.79886702162,0.102313627463,8.05669481505
21,1.7841996317,0.101486965993,7.98796232066
22,3.15992450673,0.502584006744,10.7724550257
23,0,0,3.41099924815
24,1.96468532624,0.111583352625,8.84320554059
25,0,0,0.118252205491
26,0.0620882615249,0.0033064774888,0.388579157617
27,3.61645300683,0.597028261969,11.4734473136
28,0,0,3.41099924815
29,0,0,3.41099924815
30,1.78419963675,0.101486966278,7.98796234423
31,0,0,3.41099924815
32,1.78304430259,0.101419997294,7.98241777299
33,0,0,10000
34,0,0,10000
35,0,0,10000
36,0,0,10000
37,0,0,10000