site,MLE,Lower,Upper
1,0,0,10000
2,4.32457501686,0.24423596318,20.4646252773
3,21.7932119936,3.42543092135,80.5706400028
4,0,0,0.626420121667
5,2.82535507417,0.466459352701,8.88179146609
6,3.29091672049,1.25559577818,7.22607824575
7,0.839459074267,0.206830839902,2.22498352651
8,3.61719451895,1.40502476252,7.67208254798
9,4.40211531831,1.60947874128,10.1322903861
10,0.598203510901,0.03395303172,2.69879342315
11,0,0,24.9065556186
12,0.643886669024,0.0365723928388,2.88754352439
13,1.30932298949,0.215858644179,4.14510196853
14,1.95767978314,0.316145280891,6.46882894677
15,0.700205501489,0.115775915689,2.19634100351
16,0.255446069645,0.0145177780245,1.14362092019
17,0.638132695562,0.10573210862,1.99201583427
18,1.90343900676,0.313748604242,6.01345718121
19,0.430023069846,0.0244261644572,1.92928475837
20,1.01677106003,0.0577310825032,4.56429189141
21,0.566243131226,0.0321959909645,2.52986327088
22,1.84807894257,0.300396544173,6.04917892372
23,0,0,1.0766562788
24,0.966108472929,0.0544529773015,4.45083924317
25,0,0,0.488049493242
26,0.255270596035,0.0145079854292,1.14277991578
27,16.1307122686,2.66590563337,50.4696577281
28,0,0,8.54983761804
29,0,0,7.59699678885
30,0.566802773156,0.0322270218087,2.53259967277
31,0,0,8.54983761804
32,0.910389682259,0.0513206570552,4.19427510444
33,0,0,10000
34,0,0,10000
35,0,0,10000
36,0,0,10000
37,0,0,10000