site,MLE,Lower,Upper
1,0,0,10000
2,6.78652807967,0.3830302446,31.2080118149
3,20.8911259723,3.39963745963,68.4194164531
4,0,0,1.17788334029
5,0.998416843704,0.164914650068,3.13664681782
6,2.88267564279,1.11822908068,6.12127422163
7,1.2374179807,0.304080297517,3.30098307039
8,2.47214307541,0.965775164658,5.19072725252
9,3.45067597846,1.30959666682,7.53857957549
10,0.541758251735,0.0308138163607,2.41750791992
11,0,0,5.07379821297
12,0.562262399832,0.0319655751749,2.5125653908
13,1.14160349215,0.188265511168,3.59029112951
14,1.33207021045,0.218605473999,4.25862962549
15,1.18910607099,0.197075734437,3.70390303203
16,0.391306583169,0.0222066976794,1.76105839321
17,0.843241757253,0.139313221517,2.65904042996
18,1.3622362216,0.225206762073,4.27195460926
19,0.440345830028,0.0250754212475,1.95470597947
20,0.758905396602,0.043167285391,3.38511447528
21,0.343611430929,0.0195656362483,1.52722743295
22,1.30028753145,0.214060234536,4.12437833823
23,0,0,0.654251328349
24,0.696305631867,0.0395562259439,3.11896286216
25,0,0,0.750817073691
26,0.391617788293,0.0222242006621,1.76252225662
27,3.23109963303,0.530707768527,10.2885467427
28,0,0,2.42018413686
29,0,0,1.09910256881
30,0.344798067985,0.0196329521525,1.53254759824
31,0,0,2.42018413686
32,0.642809391679,0.0364930212814,2.88782980291
33,0,0,10000
34,0,0,10000
35,0,0,10000
36,0,0,10000
37,0,0,10000