site,MLE,Lower,Upper
1,0,0,10000
2,9.13281038561,0.526200890394,40.2602838223
3,15.6705665577,2.55704404218,51.4271261486
4,0,0,1.42023642519
5,1.0635215269,0.175340354026,3.35992746723
6,2.91529191541,1.13565196054,6.1374084684
7,1.24991344471,0.307572450723,3.32462186188
8,2.39493893356,0.932897802044,5.04706300415
9,3.38504190389,1.29421721474,7.33228076882
10,0.410708470627,0.0233626202327,1.83126829764
11,0,0,12.2917718976
12,0.412213768682,0.0234441453058,1.84010950318
13,0.837087118657,0.138267264702,2.63236141355
14,1.48767676355,0.243857892138,4.75246643552
15,1.28916898918,0.213182845672,4.02495742202
16,0.392827933762,0.0223006076141,1.76572538232
17,0.867560191892,0.143523588558,2.70665469669
18,1.40767375,0.232745641938,4.41880965543
19,0.3973322087,0.0226176018363,1.76782723545
20,0.797914419274,0.0453778811642,3.56088018172
21,0.331576817635,0.018870386733,1.47678105997
22,1.40023350176,0.230562521302,4.44036170146
23,0,0,0.632044203478
24,0.727594457998,0.0413010069106,3.26794848951
25,0,0,0.753684647348
26,0.393076430878,0.0223145598089,1.76688463816
27,4.67177541031,0.767100486254,14.9662339395
28,0,0,1.48623143119
29,0,0,1.12902232134
30,0.332164554462,0.0189104324649,1.47996123153
31,0,0,1.48623143119
32,0.70006112191,0.03974379693,3.14633997577
33,0,0,10000
34,0,0,10000
35,0,0,10000
36,0,0,10000
37,0,0,10000