site,MLE,Lower,Upper
1,0,0,10000
2,7.1773231849,0.40934844966,32.1059513331
3,14.6303002254,2.39020422536,47.7992898835
4,0,0,1.0522598051
5,1.07391975638,0.176731992501,3.40916728175
6,3.6815894747,1.4491929473,7.71411268179
7,1.90071987424,0.477569730212,4.91830830891
8,2.32485840381,0.901203642314,4.94740083353
9,3.37738870353,1.31122418101,7.19281186172
10,0.416584656633,0.0237033679324,1.86284769546
11,0,0,6.56915740503
12,0.422284606203,0.0240132734489,1.89157549474
13,0.854327755728,0.140977615475,2.69827772165
14,1.13838155322,0.188429267782,3.5996420264
15,1.03923433705,0.172195666199,3.23960824277
16,0.555577045519,0.0315915775605,2.48199187984
17,1.17543496492,0.194933931614,3.67426869855
18,1.05225331969,0.17368494252,3.3152362397
19,0.384221318886,0.0218652166478,1.71124048721
20,0.556729936782,0.0316354505256,2.49346492073
21,0.317720342994,0.0180702237567,1.41868565509
22,0.95312709339,0.155535814728,3.1023764196
23,0,0,0.604143947858
24,0.514938137883,0.0291185076342,2.34699494912
25,0,0,1.04066503447
26,0.555584112111,0.0315919855333,2.48202192649
27,3.59767152109,0.590465111996,11.5146805397
28,0,0,1.82524020395
29,0,0,1.03734886891
30,0.318055966561,0.01808931199,1.42019445851
31,0,0,1.82524020395
32,0.457732892839,0.0258682563061,2.09539740044
33,0,0,10000
34,0,0,10000
35,0,0,10000
36,0,0,10000
37,0,0,10000