site,MLE,Lower,Upper
1,0,0,10000
2,7.13579286596,0.402750858058,32.8120024925
3,21.9692572591,3.57503690391,71.9508874592
4,0,0,1.27362975328
5,1.07918476302,0.178295455259,3.38838271395
6,3.10815399236,1.20765821655,6.59414547015
7,1.33774041051,0.328550299518,3.56267976296
8,2.6686993691,1.04289887394,5.59844495887
9,3.69389622614,1.40393298469,8.06228346854
10,0.586151101115,0.0333425172949,2.61443830145
11,0,0,5.48635728784
12,0.607564736792,0.0345620343556,2.71489097603
13,1.23308297728,0.203592711553,3.87932702276
14,1.43929862542,0.236267890357,4.59450690873
15,1.28439999119,0.212889224868,3.99957596505
16,0.423178919158,0.0240231670865,1.90337414305
17,0.910685327859,0.150350127453,2.8673791357
18,1.46994664802,0.243049614496,4.6077288265
19,0.476433596667,0.0271182660162,2.1132180712
20,0.820456646458,0.0466729567227,3.65827178624
21,0.371599430537,0.021161018672,1.65104095471
22,1.40430614988,0.231360602311,4.45197428884
23,0,0,0.707373543045
24,0.751179309816,0.042688062538,3.36340239133
25,0,0,0.81159643675
26,0.423178919158,0.0240230079013,1.90336240603
27,3.47985741977,0.571519480161,11.0837992985
28,0,0,2.61645135554
29,0,0,1.18803220675
30,0.372940202353,0.0212369496863,1.65716747258
31,0,0,2.61645135554
32,0.69449749879,0.0394559165755,3.11950224404
33,0,0,10000
34,0,0,10000
35,0,0,10000
36,0,0,10000
37,0,0,10000