site,MLE,Lower,Upper
1,0,0,10000
2,9.72439886361,0.562551375127,42.3941909705
3,19.4590132335,3.18612467366,63.2672555346
4,0,0,1.53776151094
5,1.24894644651,0.206187716729,3.93016057179
6,3.10815399236,1.21486746323,6.52236580261
7,1.38146856086,0.340302174052,3.67451849434
8,2.6652510472,1.0392067061,5.61100347767
9,3.52601416424,1.35534751338,7.57319930418
10,0.48573069362,0.0276397744342,2.16306204417
11,0,0,7.46226168956
12,0.487917067222,0.0277380632974,2.17383170167
13,0.98505583491,0.162806404614,3.092539304
14,1.57058326417,0.258605714744,4.98893148821
15,1.43929862542,0.23846884612,4.48140707154
16,0.444157590906,0.0252185404947,1.99277669148
17,0.920024526346,0.151889957466,2.8951190142
18,1.53291055782,0.253190842756,4.79860200808
19,0.464347014081,0.0264417729789,2.06304097122
20,0.86736422096,0.0492556240256,3.85948455305
21,0.365229665899,0.0207922740958,1.62456246078
22,1.42448235944,0.234606485548,4.51393465774
23,0,0,0.694882400692
24,0.768220386955,0.0436298757772,3.45111656
25,0,0,0.851846165688
26,0.444157590906,0.0252208878154,1.99297082035
27,4.3786608599,0.723658108003,13.7445526927
28,0,0,1.9178481467
29,0,0,1.41651332498
30,0.366130851839,0.0208432569114,1.62870944565
31,0,0,1.9178481467
32,0.706026958068,0.0400883358312,3.17100525964
33,0,0,10000
34,0,0,10000
35,0,0,10000
36,0,0,10000
37,0,0,10000