site,MLE,Lower,Upper
1,0,0,10000
2,9.87305724231,0.56894245363,43.5154633019
3,16.9250218868,2.76173222945,55.5459556752
4,0,0,1.58636586481
5,1.18707631641,0.195768513778,3.74728661328
6,3.2516386136,1.26753283718,6.83642697519
7,1.39511387036,0.343306382148,3.70711339479
8,2.66709779383,1.03984737636,5.61087876041
9,3.75960961573,1.4396823151,8.12641165727
10,0.458681057663,0.0260970500737,2.04450658178
11,0,0,13.7303057143
12,0.460356039062,0.0261854753518,2.05402440073
13,0.935002553349,0.154475792704,2.93830686695
14,1.65828510769,0.272024878383,5.29203988825
15,1.43580675357,0.237598596908,4.48424501022
16,0.438875571982,0.0249191613745,1.97129828613
17,0.964569526724,0.15985163529,3.01371510454
18,1.56654018603,0.259083074312,4.91650502728
19,0.443517082345,0.025259822501,1.97333706112
20,0.890879931522,0.0506712397091,3.97433381195
21,0.37042553061,0.0210834727607,1.64910521323
22,1.56266697873,0.25739613841,4.95059874596
23,0,0,0.7058967117
24,0.811497393207,0.0460817655512,3.64293505123
25,0,0,0.841603667268
26,0.438910611157,0.0249211137195,1.97146557119
27,5.15067276848,0.84561969317,16.5076751588
28,0,0,1.65985217442
29,0,0,1.26091606355
30,0.371261275243,0.0211306393459,1.65295060591
31,0,0,1.65985217442
32,0.781640473304,0.0443885881735,3.510766564
33,0,0,10000
34,0,0,10000
35,0,0,10000
36,0,0,10000
37,0,0,10000