site,MLE,Lower,Upper
1,0,0,10000
2,9.16492039696,0.530223371004,39.952145019
3,18.3370761801,3.00241555473,59.6196551682
4,0,0,1.40871399532
5,1.1447015173,0.188930184035,3.60448475661
6,2.85717165277,1.11488662646,5.99732136457
7,1.26822167279,0.311679369275,3.37114429621
8,2.44687969071,0.953467691464,5.15869523507
9,3.25266967477,1.24853255314,6.99718136381
10,0.444818840637,0.025317937083,1.98230208465
11,0,0,6.83620329766
12,0.446844253453,0.0254110663878,1.99261852616
13,0.902957926875,0.149202645228,2.83674289493
14,1.44281456506,0.237502376564,4.58758328642
15,1.31924312424,0.21863143458,4.10977368479
16,0.406632379547,0.0230898488597,1.82605956184
17,0.843810717117,0.139372500748,2.65882708469
18,1.40430614988,0.232361393584,4.40600461153
19,0.425367267905,0.0242196957475,1.89047915204
20,0.793804926517,0.0451254290243,3.53735702604
21,0.334493920113,0.0190426337396,1.48855651173
22,1.30604038453,0.215026556519,4.14265369094
23,0,0,0.636648102175
24,0.7059335804,0.0400684831953,3.17219856072
25,0,0,0.780590005892
26,0.406773569619,0.0230977915473,1.82671638643
27,4.0271940293,0.665572265817,12.6407688237
28,0,0,1.75725307838
29,0,0,1.29777360062
30,0.335364106982,0.0190867131087,1.492067465
31,0,0,1.75725307838
32,0.646976730251,0.0367286805439,2.90790210037
33,0,0,10000
34,0,0,10000
35,0,0,10000
36,0,0,10000
37,0,0,10000