site,MLE,Lower,Upper
1,0,0,10000
2,7.69983418814,0.439177783506,34.4394764294
3,15.6855712012,2.56258709452,51.247484179
4,0,0,1.18864538772
5,1.21059038066,0.199417932113,3.83286718676
6,4.10503253538,1.61422959931,8.59646797019
7,2.12551204759,0.532622233149,5.50613560773
8,2.61167243353,1.0147247091,5.52936265488
9,3.71583577821,1.43837414381,7.92246230942
10,0.471553568996,0.0268089379653,2.10370809158
11,0,0,7.4198857133
12,0.477140884187,0.0271274584335,2.13263730081
13,0.964288599247,0.159179783324,3.03744272016
14,1.2602930635,0.208438956612,3.99464826257
15,1.17342210404,0.194256782301,3.65208757952
16,0.627329733102,0.0357100211782,2.80047737266
17,1.32363367874,0.219685103298,4.12900715561
18,1.1854378132,0.19591422334,3.73110298877
19,0.433769769321,0.0246912217449,1.92990500104
20,0.628352269433,0.0357249951218,2.81044665315
21,0.358923776688,0.0204202328764,1.60052007219
22,1.0731722821,0.175441565799,3.47490688762
23,0,0,0.682155112746
24,0.573127720297,0.0324416797389,2.60775123405
25,0,0,1.17498003829
26,0.627329733102,0.0357096133813,2.80043063107
27,4.02273418644,0.660188177001,12.8785118407
28,0,0,2.06097827667
29,0,0,1.17097018437
30,0.35935963421,0.0204448002377,1.6024837126
31,0,0,2.06097827667
32,0.516211782334,0.029199195085,2.35442938265
33,0,0,10000
34,0,0,10000
35,0,0,10000
36,0,0,10000
37,0,0,10000