site,MLE,Lower,Upper
1,0,0,6489.43497048
2,8.28944757629,0.469795575881,37.7407652444
3,18.4753005518,3.00518358548,62.404091371
4,0,0,1.06812497208
5,1.18131288253,0.195918376471,3.67478406062
6,0.272878840701,0.0900697086619,1.00598950019
7,0.0617073873272,0.014562277065,0.183628190815
8,3.89691087533,1.5313386812,8.08856048353
9,4.00724449328,1.41524845024,8.48031260565
10,0.560804511127,0.0319734628639,2.48068520921
11,0,0,1.06812497208
12,0.560809656898,0.0319737550088,2.48065121423
13,1.13428074512,0.188194845019,3.52484343347
14,1.18754258988,0.196917565061,3.69521630346
15,1.1854378132,0.196487290054,3.68612994207
16,0.0177799549975,0.000993784250155,0.0853723003722
17,0.0406221349544,0.00655435881606,0.137026708011
18,1.15391778352,0.191364028817,3.58641447248
19,0.560806853695,0.0319735958872,2.4806386403
20,0.568299154737,0.0323986405112,2.51437851737
21,0.561877710199,0.0320343750235,2.48550195602
22,0.992575371064,0.150504729507,3.42428679713
23,0,0,1.06812497208
24,0.585247680477,0.033356397502,2.59148084611
25,0,0,0.0340946135541
26,0.0177799545966,0.000993784238911,0.085372293682
27,1.13643353863,0.188546619899,3.53187783021
28,0,0,1.06812497208
29,0,0,1.06812497208
30,0.560807451702,0.0319736298116,2.48064132105
31,0,0,1.06812497208
32,0.56066957853,0.0319658019234,2.4800798787
33,0,0,6489.43497048
34,0,0,6489.43497048
35,0,0,6489.43497048
36,0,0,6489.43497048
37,0,0,6489.43497048