site,MLE,Lower,Upper
1,0,0,10000
2,3.45631884124,0.195279383108,16.3382824144
3,17.3602841326,2.72819180833,64.2169803935
4,0,0,0.467288618507
5,2.10996611686,0.347859420135,6.63001822792
6,2.46693714911,0.938851729457,5.42679730803
7,0.626040677679,0.154167214375,1.6614293518
8,2.71008842617,1.05222682698,5.75380422294
9,3.34048786004,1.21766282945,7.70024421322
10,0.445556240494,0.0252870777786,2.01230005652
11,0,0,18.5769157542
12,0.480417406537,0.0272811205731,2.15599488932
13,0.977726910953,0.161028924381,3.09645051311
14,1.46429312536,0.236190587663,4.85146043196
15,0.522172514839,0.0863199181394,1.63899426882
16,0.190424094644,0.0108206528188,0.853076677594
17,0.476433596667,0.0789408471663,1.48835114078
18,1.42404549866,0.234657331991,4.50236982729
19,0.321040446751,0.0182321969989,1.44148619352
20,0.75859426692,0.043063716311,3.40779370869
21,0.422284606203,0.0240050336432,1.88767549559
22,1.38146856086,0.224422731837,4.53322588711
23,0,0,0.803218730009
24,0.722679506278,0.0406787494824,3.33317539982
25,0,0,0.364114154931
26,0.190424040031,0.0108206497066,0.853076434299
27,12.0688989387,1.99444804695,37.7669523228
28,0,0,6.37857866882
29,0,0,5.66702446186
30,0.422284606203,0.0240341625083,1.89011205585
31,0,0,6.37857866882
32,0.679667706965,0.0382954181504,3.1370408552
33,0,0,10000
34,0,0,10000
35,0,0,10000
36,0,0,10000
37,0,0,10000