site,MLE,Lower,Upper
1,0,0,3.95841022171
2,0,0,10000
3,0,0,10000
4,0,0,10000
5,0,0,10000
6,0,0,10000
7,0,0,10000
8,0,0,10000
9,0,0,10000
10,0,0,10000
11,0.288911133035,0.0164871069813,1.27332536146
12,2.08582857984,0.955294891283,3.88415882143
13,1.27699894763,0.503996711648,2.62116111506
14,2.07920952546,1.03234710149,3.70672991781
15,0.515115994343,0.0853862087245,1.60339792801
16,0.616105207422,0.190734766032,1.4406568944
17,0,0,1.12832050526
18,0.530106460508,0.0878481176006,1.65143889279
19,0,0,0.23709078116
20,1.07783716302,0.460590544605,2.10474828895
21,0.154713561359,0.0088189003458,0.684652737357
22,0,0,0.568055573864
23,0,0,0.281821245606
24,1.44281456506,0.568877288908,2.9608661303
25,0.714540350411,0.255186228529,1.5477356561
26,1.32355212101,0.601976607839,2.48825668639
27,3.43474994826,1.85774844583,5.80671363124
28,4.99739919974,1.25166275647,13.0499820042
29,1.93781675716,0.767357710092,3.95492074102
30,2.33587843369,1.09411109968,4.40182988057
31,3.24247873841,1.9108185689,5.12823996835
32,0,0,0.503671832009
33,0.155860257703,0.00888412678855,0.689777176478
34,1.15391778352,0.356517077467,2.70510945261
35,0.227243987641,0.0129468734977,1.0082578472
36,0,0,0.503671832009
37,0,0,0.277394307886
38,0,0,0.403603319066
39,1.05922459802,0.451264924743,2.07930773944
40,0,0,0.341743967013
41,0.220700721592,0.0125822282245,0.976085296158
42,3.29774983451,1.69916462816,5.71690423183
43,0,0,0.582659865847
44,0,0,0.568055573864
45,0.196517925895,0.0111965489174,0.871123759567
46,0,0,10000
47,0,0,10000
48,0.156004601471,0.00889257975139,0.690340227134
49,0,0,0.503671832009
50,2.16523864738,1.18084857027,3.61756855256
51,0.917235911805,0.227422722602,2.39386858601
52,1.68562034835,0.662567809204,3.4686170347
53,0,0,10000
54,0,0,10000
55,0,0,10000
56,0,0,10000
57,2.02742837089,0.805460686447,4.14584078331
58,2.81047446222,1.28274750134,5.4058138402
59,2.76713934598,1.41960041368,4.854538803
60,2.54392023825,0.979313363158,5.44333227177
61,9.38703473143,1.53735043476,10000
62,8.78891402194,1.85990440498,33.8559074979
63,6.97948317407,1.45868998899,78.2527722226
64,0,0,14.212785082
65,0,0,4.53467294751
66,3.49625553101,0.231878797269,50.3018507656
67,1.61866801563,0.0837609353716,19.0743200806
68,22.9573460093,1.57050979724,10000