site,MLE,Lower,Upper
1,0,0,0.624064293916
2,0,0,9624.1411557
3,0,0,9624.1411557
4,0,0,9624.1411557
5,0,0,9624.1411557
6,0,0,9624.1411557
7,0,0,9624.1411557
8,0,0,9624.1411557
9,0,0,9624.1411557
10,0,0,9624.1411557
11,0.0277555576726,0.00158204850983,0.122851915733
12,1.87382351348,0.850444936648,3.52560785305
13,0.867560191892,0.38079947057,1.66029715941
14,0.535787798697,0.273154259885,0.949938099922
15,0.302843471524,0.0502432405916,0.940142821194
16,0.145650526905,0.0449069018328,0.343511618751
17,0,0,0.115389328016
18,0.152795998306,0.0251429389126,0.484334954853
19,0,0,0.089491642835
20,0.21051866892,0.0896368969346,0.413768377789
21,0.0529673256366,0.00301504295296,0.235571253777
22,0,0,0.327662050151
23,0,0,0.040546551068
24,0.367001129507,0.144615742933,0.758132737286
25,0.243392540099,0.086625241872,0.530841350253
26,0.3438186645,0.154548289895,0.660314622511
27,1.06502209681,0.56485556646,1.85425332821
28,1.61868493697,0.398784540634,4.24273709801
29,0.622528785115,0.260630972094,1.23145796729
30,2.39537119898,1.14826381896,4.67945538186
31,1.16793308386,0.679415791402,1.88138953629
32,0,0,0.143952256954
33,0.0539719489612,0.00307279053971,0.23986929567
34,1.2429686368,0.374724356253,3.02190881703
35,0.069263517901,0.00393307991634,0.310698396384
36,0,0,0.143952256954
37,0,0,0.0651619383631
38,0,0,0.483547830792
39,0.253024372316,0.106302920185,0.508289675343
40,0,0,0.13674786584
41,0.321505086767,0.0183255989757,1.42226226834
42,0.95719190375,0.488826452407,1.68266848746
43,0,0,0.16172414519
44,0,0,0.327662050151
45,0.117622275019,0.00669964632451,0.521810993416
46,0,0,9624.1411557
47,0,0,9624.1411557
48,0.0549824053266,0.00313050386328,0.244298339545
49,0,0,0.143952256954
50,0.620109853831,0.334117425363,1.05656978757
51,0.255678682183,0.0632152119374,0.672156164592
52,0.867560191892,0.337130715151,1.82605693738
53,0,0,9624.1411557
54,0,0,9624.1411557
55,0,0,9624.1411557
56,0,0,9624.1411557
57,0.719371785373,0.313697065156,1.39269416742
58,1.07922673203,0.531128553163,1.94309696745
59,1.31540784757,0.69153224056,2.26380257997
60,0.861111138178,0.329448049372,1.85296295295
61,14.5068920823,1.17241161468,9624.14121027
62,2.85262399256,0.544946545611,12.5577712765
63,3.26220406861,0.797930900571,18.9606127246
64,0,0,8.33305621584
65,0,0,1.84003018488
66,1.50894781369,0.200282700788,9624.14112367
67,0.926865419176,0.0497023977459,6.82585051078
68,3.94700952756,0.504401986065,9624.14125216