site,MLE,Lower,Upper
1,0,0,1.30254034367
2,0,0,10000
3,0,0,10000
4,0,0,10000
5,0,0,10000
6,0,0,10000
7,0,0,10000
8,0,0,10000
9,0,0,10000
10,0,0,10000
11,0.08197271049,0.00467907260256,0.360985136165
12,0.664292761107,0.304111105798,1.23855990605
13,0.497185122886,0.196129424679,1.02162123598
14,0.896583328503,0.455995184232,1.57023907535
15,0.144617991793,0.0239671163123,0.45043100706
16,0.233818335063,0.0723342076948,0.547099728273
17,0,0,0.298608901564
18,0.131802001393,0.0217767700988,0.413887326927
19,0,0,0.0864025248479
20,0.444938742338,0.189984833061,0.87020429762
21,0.0600491074478,0.00342201835215,0.265977568985
22,0,0,0.352475808121
23,0,0,0.148767767715
24,0.424866147012,0.166215277969,0.886667872961
25,0.269767683499,0.0962817241889,0.585019219289
26,0.522287063063,0.23790774706,0.979951462476
27,1.08865178097,0.596148342724,1.84258015405
28,1.00964162129,0.248712512168,2.674280078
29,0.521975014112,0.207408535037,1.0630657998
30,1.19119172455,0.559917918228,2.22635969653
31,1.20129921141,0.711982054316,1.90279110062
32,0,0,0.124487374508
33,0.0599278130485,0.00341492389839,0.265490239176
34,0.534307291915,0.165021650946,1.25356937776
35,0.0610334511392,0.00347337168781,0.271743099398
36,0,0,0.124487374508
37,0,0,0.131522814013
38,0,0,0.143629455964
39,0.546242857834,0.232514741257,1.07647150519
40,0,0,0.129292557837
41,0.0771882377017,0.00439728682494,0.34229048918
42,0.857495579105,0.440614061512,1.49398214062
43,0,0,0.151771826133
44,0,0,0.352475808121
45,0.075543238253,0.00430235046732,0.335342620678
46,0,0,10000
47,0,0,10000
48,0.0605262528597,0.00344921702601,0.268089160278
49,0,0,0.124487374508
50,0.86401390106,0.471983407082,1.43969492093
51,0.239707736993,0.059417644592,0.626656064371
52,0.954695774429,0.370574223995,2.00197380248
53,0,0,10000
54,0,0,10000
55,0,0,10000
56,0,0,10000
57,0.536957245796,0.211716333592,1.10416620636
58,0.731378726707,0.342634379969,1.38115991154
59,1.03287358439,0.523842180143,1.84004791238
60,0.855989880757,0.328729252183,1.82420719303
61,11.1003564112,0.853672386152,10000
62,3.32932211548,0.69093143506,12.9985428131
63,3.46228955385,0.693445516052,28.563022923
64,0,0,8.16587902275
65,0,0,1.54801396226
66,2.96133950566,0.285328793859,10000
67,0.794890483018,0.0406800662871,10.3013885825
68,6.51543914301,0.578224501953,10000