site,MLE,Lower,Upper
1,0,0,3.37020395312
2,0,0,10000
3,0,0,10000
4,0,0,10000
5,0,0,10000
6,0,0,10000
7,0,0,10000
8,0,0,10000
9,0,0,10000
10,0,0,10000
11,0.241752168731,0.0137937612215,1.06628510265
12,1.73866835157,0.795486314526,3.25173316776
13,1.22784829089,0.48560136183,2.51077094778
14,2.08987682719,1.03617320207,3.73500604395
15,0.233399471086,0.0387297620706,0.724248020036
16,0.690883883066,0.213881531817,1.61411776589
17,0,0,0.530344180229
18,0.498336027607,0.0826090027256,1.55297868025
19,0,0,0.250466337763
20,1.17543496492,0.50219388295,2.29100124675
21,0.21424795518,0.0122170712209,0.949144796491
22,0,0,0.824249514253
23,0,0,0.286214372676
24,1.39778223876,0.551543659872,2.87020594602
25,0.850807127206,0.304021262772,1.84069934584
26,1.5313216626,0.695233478418,2.88907507751
27,3.28675727689,1.77644977481,5.56574453897
28,2.18474233107,0.542341498859,5.70444435992
29,1.85152555034,0.732510399681,3.78403604442
30,3.46268015449,1.58599151509,6.78036538985
31,3.37694268307,1.98771879434,5.3547224598
32,0,0,0.471369625973
33,0.217111613374,0.0123716532606,0.96019633409
34,1.88876127359,0.582634967788,4.44137739684
35,0.219014400437,0.0124778254042,0.970908024918
36,0,0,0.471369625973
37,0,0,0.283105639407
38,0,0,0.313646544722
39,1.09418698879,0.464798362846,2.15951096328
40,0,0,0.253301356793
41,0.218902960917,0.01246442285,0.972416648284
42,3.15992450673,1.62865889883,5.48252275816
43,0,0,0.558584182793
44,0,0,0.824249514253
45,0.191626648895,0.0109217507479,0.848288192797
46,0,0,10000
47,0,0,10000
48,0.216847685538,0.0123596003238,0.960243822127
49,0,0,0.471369625973
50,2.31628718411,1.25842385516,3.88489630725
51,0.879828896221,0.218236123263,2.29633956357
52,2.25499351762,0.882448050934,4.69055629971
53,0,0,10000
54,0,0,10000
55,0,0,10000
56,0,0,10000
57,1.94436134728,0.768226749934,3.98373878086
58,2.56838693517,1.20397194694,4.88438528898
59,2.86809573623,1.47726953487,5.00442767529
60,2.56393660531,0.995186829008,5.41540697358
61,21.6889000266,1.79340202557,10000
62,5.69626722828,1.29054859212,20.3628734138
63,4.36268856234,0.7292331619,37.413881014
64,0,0,13.6456885511
65,0,0,4.35904467081
66,3.75951806247,0.242137184123,10000
67,1.28424694121,0.0688461299086,10.581221877
68,12.4388902813,1.36939918491,10000