site,MLE,Lower,Upper
1,0,0,0.97344462361
2,0,0,1772.99179061
3,0,0,1772.99179061
4,0,0,1772.99179061
5,0,0,1772.99179061
6,0,0,1772.99179061
7,0,0,1772.99179061
8,0,0,1772.99179061
9,0,0,1772.99179061
10,0,0,1772.99179061
11,0.0594260573466,0.0033900861725,0.262225364918
12,0.519761316884,0.236540663885,0.974369133919
13,0.376877820629,0.149349396025,0.767849815235
14,0.0631777694681,0.0271918091196,0.139601805215
15,0.121686986152,0.0202101198635,0.376922404659
16,0.109945969501,0.0308101766244,0.340207427399
17,0,0,0.112240846677
18,0.120120258124,0.0199529210632,0.37196616144
19,0,0,0.112240846677
20,0.0447189982435,0.0182795337395,0.0950490037014
21,0.0592611824775,0.00338069840474,0.261486330428
22,0,0,0.112240846677
23,0,0,0.00350669510562
24,0.104342311973,0.0367065784696,0.281232810794
25,0.297977394361,0.106633150769,0.643194236209
26,0.513677440882,0.233264634783,0.967788401575
27,0.858629445308,0.44441844258,1.45841946709
28,0.185909312757,0.0461259834615,0.485106621672
29,0.371732322174,0.147263892752,0.758158864639
30,0.609406851834,0.287877236034,1.11431290907
31,1.09745769735,0.644393417954,1.74123034616
32,0,0,0.112240846677
33,0.0590225737465,0.00336704075851,0.260453687162
34,0.24886076543,0.0771237912229,0.580824992085
35,0.0587257800261,0.00335015910573,0.259130366055
36,0,0,0.112240846677
37,0,0,0.00350669510562
38,0,0,0.112240846677
39,0.0153565378675,0.00624881252608,0.033092153307
40,0,0,0.112240846677
41,0.0585454841807,0.00334002815323,0.258292435373
42,0.682834553583,0.352934578898,1.17973737244
43,0,0,0.112240846677
44,0,0,0.112240846677
45,0.0585655343746,0.00334118299651,0.258375472336
46,0,0,1772.99179061
47,0,0,1772.99179061
48,0.0597693352296,0.00340961540974,0.263746595192
49,0,0,0.112240846677
50,0.621115123293,0.306897216732,1.1391375074
51,0.179151694908,0.0445075805784,0.466098085584
52,0.387057088726,0.153214164175,0.790735024893
53,0,0,1772.99179061
54,0,0,1772.99179061
55,0,0,1772.99179061
56,0,0,1772.99179061
57,0.401099361784,0.158837152148,0.818190894803
58,0.708146702181,0.352476093881,1.2558492306
59,1.24827067302,0.634254807603,2.22430600272
60,0.660968172508,0.259777079521,1.36955650266
61,2.76459179424,0.762529630266,18.7566870358
62,1.28220331042,0.277517505982,4.85034712718
63,1.44976378859,0.184823932734,13.035152738
64,0,0,9.88861498874
65,0,0,0.993831924241
66,1.19964530719,0.0335061296062,23.442766077
67,1.16834854848,0.0550738656028,12.52978516
68,1023.0,0.946058467018,1772.88958103