site,MLE,Lower,Upper
1,0,0,3.16040923292
2,0,0,10000
3,0,0,10000
4,0,0,10000
5,0,0,10000
6,0,0,10000
7,0,0,10000
8,0,0,10000
9,0,0,10000
10,0,0,10000
11,0.233984552356,0.013353584214,1.02953572136
12,1.89393966308,0.868390208855,3.52507333937
13,1.39948155489,0.552519143946,2.87135157149
14,2.45513104205,1.22855710582,4.34528305616
15,0.410509488858,0.0680642533865,1.27756269735
16,0.661659757927,0.204779952352,1.54671016514
17,0,0,0.847797302262
18,0.373936747325,0.0618288125304,1.17199751604
19,0,0,0.245338010224
20,1.26711960367,0.541417137833,2.4749277138
21,0.170729159512,0.00973058547747,0.75586293048
22,0,0,1.00097328219
23,0,0,0.422410342826
24,1.19816830756,0.469588606819,2.49329353906
25,0.76121080261,0.271820854496,1.64912774708
26,1.47383436032,0.671247935888,2.76530678757
27,2.99151668742,1.60320095838,5.12627559148
28,2.90793780503,0.7167889686,7.69143424101
29,1.44016740156,0.569795185039,2.94604419501
30,3.35303437295,1.57745126151,6.24919274686
31,3.15810678062,1.84092415528,5.06463772658
32,0,0,0.3533033923
33,0.171675077812,0.00978511350601,0.759875725511
34,1.51752019575,0.469038891143,3.55836681846
35,0.174360556876,0.0099234253707,0.77609502526
36,0,0,0.3533033923
37,0,0,0.373326298397
38,0,0,0.407740759897
39,1.52479053825,0.648400679282,3.00655945938
40,0,0,0.367150348821
41,0.219244238419,0.0124875066071,0.971147225026
42,2.42031066334,1.24454844328,4.210291632
43,0,0,0.430937511218
44,0,0,1.00097328219
45,0.21450816107,0.0122183193664,0.951334910572
46,0,0,10000
47,0,0,10000
48,0.171716311352,0.00978693520297,0.760203868377
49,0,0,0.3533033923
50,2.39508300981,1.30767496953,3.99511976496
51,0.678371818208,0.16821113946,1.77195203836
52,2.63735327262,1.02537191772,5.5370791895
53,0,0,10000
54,0,0,10000
55,0,0,10000
56,0,0,10000
57,1.51162925585,0.595387575911,3.10785915927
58,2.12014622283,0.989254421052,4.02027454936
59,2.78113061856,1.41309114097,4.93486110193
60,2.22522487972,0.85689476635,4.7400342402
61,20.7357876043,1.63313373934,10000
62,8.0028774423,1.68376239567,30.9819342297
63,7.69695357865,1.67004876929,149.959300446
64,0,0,14.5537295073
65,0,0,3.4774522536
66,6.30085688127,0.61499209799,10000
67,1.79057014886,0.0927910091663,19.6292117633
68,10.2198665043,1.12121356666,10000