site,MLE,Lower,Upper
1,0,0,1.47702041774
2,0,0,10000
3,0,0,10000
4,0,0,10000
5,0,0,10000
6,0,0,10000
7,0,0,10000
8,0,0,10000
9,0,0,10000
10,0,0,10000
11,0.0879109690932,0.00501174326968,0.388864859314
12,5.99246852845,2.72208629345,11.2579793268
13,2.73073978174,1.1978197354,5.23001220557
14,1.62852167462,0.817809940185,2.91149812425
15,0.959921256219,0.159294022905,2.978264508
16,0.4603019437,0.142042333985,1.08361812126
17,0,0,0.365800090457
18,0.483122531887,0.0796405982136,1.52733537928
19,0,0,0.283753552936
20,0.66238883153,0.282329194803,1.29952312038
21,0.169067204512,0.0096287682026,0.75051230325
22,0,0,1.03905913471
23,0,0,0.128554537255
24,1.16694446595,0.459907119849,2.40811049775
25,0.766869810683,0.273034545443,1.66889237362
26,1.0697371983,0.482514127785,2.0466770405
27,3.39889681755,1.80292462056,5.91533040444
28,4.97511986227,1.22775886268,13.0743885942
29,1.91647318597,0.788848078322,3.82453755095
30,5.77891522293,2.55229699576,12.1278793044
31,3.71238262065,2.15950960082,5.97112885275
32,0,0,0.455967569097
33,0.172069370889,0.00979736811336,0.764471764997
34,3.99252609546,1.21004334657,9.64950360655
35,0.220726116046,0.012540555023,0.988304480781
36,0,0,0.455967569097
37,0,0,0.206434965703
38,0,0,1.53284907378
39,0.79850102657,0.336142449638,1.59990887952
40,0,0,0.43360260321
41,1.01878172279,0.058078990103,4.50473556677
42,3.01369667155,1.54136684618,5.28456176919
43,0,0,0.512704677996
44,0,0,1.03905913471
45,0.372909708495,0.0212460911134,1.65284093731
46,0,0,10000
47,0,0,10000
48,0.172994791323,0.00985227755536,0.767958226629
49,0,0,0.455967569097
50,1.91374697867,1.02858645469,3.26767085469
51,0.809792885735,0.200288017734,2.12466658343
52,2.82332999371,1.09399431156,5.93725857941
53,0,0,10000
54,0,0,10000
55,0,0,10000
56,0,0,10000
57,2.25911501933,0.980241196146,4.39054454138
58,2.66474947656,1.2666594168,5.04119224287
59,3.83917450925,2.02933253458,6.58524535579
60,2.52581708185,0.968839372571,5.43532679924
61,36.9850699017,2.26885931957,10000
62,7.60389937053,1.50408819912,32.345147416
63,8.78263319384,2.12212184689,49.2404821031
64,0,0,17.8980431486
65,0,0,4.10125888748
66,3.3597770953,0.446728558406,10000
67,2.07605731385,0.11143403526,15.0437187801
68,8.186428709,1.01412173646,10000