site,MLE,Lower,Upper
1,0,0,1.59605152501
2,0,0,10000
3,0,0,10000
4,0,0,10000
5,0,0,10000
6,0,0,10000
7,0,0,10000
8,0,0,10000
9,0,0,10000
10,0,0,10000
11,0.0929993835876,0.00530667899406,0.410002342001
12,0.674954633521,0.308901348173,1.25812321723
13,0.415509672875,0.163825489804,0.854239002637
14,0.688444755349,0.344071374762,1.22239833458
15,0.166238175804,0.0275448934254,0.517957290809
16,0.198940164719,0.0615366089229,0.465577036049
17,0,0,0.363840693477
18,0.170985416073,0.0283212855707,0.533350034106
19,0,0,0.0764497661034
20,0.348188858686,0.148697975073,0.680716943597
21,0.0498386037867,0.00284041014634,0.220681643369
22,0,0,0.1831610368
23,0,0,0.0908937140322
24,0.464772407058,0.183223170621,0.955964766889
25,0.231382642754,0.0825881254998,0.501735124651
26,0.426863159873,0.193871005441,0.804337835526
27,1.09526207085,0.592285201402,1.85274278618
28,1.58669142211,0.395623874547,4.1550303097
29,0.641714488804,0.254859449361,1.30386453013
30,0.779580311859,0.358814268716,1.49766484658
31,1.03829373054,0.611792722727,1.64460623005
32,0,0,0.162444512916
33,0.049952331519,0.00284687909878,0.221194876294
34,0.371748110504,0.11480343944,0.872610860242
35,0.0722846295018,0.00411675156252,0.320950855329
36,0,0,0.162444512916
37,0,0,0.0894627272567
38,0,0,0.130172102774
39,0.34336393959,0.146136760753,0.675223062489
40,0,0,0.110190508376
41,0.0711620737123,0.00405634291982,0.314917015358
42,1.06885815658,0.55020928428,1.85576506752
43,0,0,0.187883635332
44,0,0,0.1831610368
45,0.063375280075,0.0036099305181,0.28117384083
46,0,0,10000
47,0,0,10000
48,0.0505082046418,0.0028787085239,0.223606640891
49,0,0,0.162444512916
50,0.714129528557,0.389848054865,1.19420684623
51,0.2955374395,0.0732801629618,0.771938012488
52,0.542239128165,0.213201851438,1.11863426804
53,0,0,10000
54,0,0,10000
55,0,0,10000
56,0,0,10000
57,0.667076923878,0.265778014977,1.35841852736
58,1.07364715245,0.529372245708,1.93219315641
59,0.951268410453,0.484276623224,1.68805309103
60,0.894789954051,0.343256000161,1.91998211731
61,6.79214049907,0.853608021419,10000
62,3.38478702535,0.699108017021,12.9763327842
63,2.93003536581,0.577169669229,21.2978614966
64,0,0,7.54915529605
65,0,0,1.98416276775
66,1.60605087347,0.106901502161,22.2848046643
67,0.711179821356,0.0363917701883,9.66869662813
68,13.2664590146,1.063990328,10000