site,MLE,Lower,Upper
1,0,0,3.83344006004
2,0,0,10000
3,0,0,10000
4,0,0,10000
5,0,0,10000
6,0,0,10000
7,0,0,10000
8,0,0,10000
9,0,0,10000
10,0,0,10000
11,0.286847244014,0.016375369243,1.2626416911
12,2.08408737768,0.956550421601,3.8712688714
13,1.38117712914,0.54575172085,2.8287075754
14,1.9997318809,0.994187506007,3.55796000598
15,0.398818154373,0.0661923995486,1.23746194113
16,0.652884073184,0.202098812823,1.5251605983
17,0,0,0.865146609658
18,0.490531532965,0.0812876531718,1.52816685419
19,0,0,0.238248921831
20,1.13244415611,0.484173290458,2.20924389097
21,0.166519959999,0.00949278757285,0.736634217887
22,0,0,0.706344590458
23,0,0,0.291183061607
24,1.36474584165,0.538514259818,2.80212915125
25,0.744484393325,0.266172720567,1.61228633668
26,1.40792826843,0.639657683498,2.65318726967
27,3.21386202756,1.74109167155,5.4226656677
28,3.29091672049,0.814399558146,8.63168523205
29,1.88369219873,0.745559818939,3.84660630243
30,2.63876447921,1.23023029611,5.02558221537
31,3.21362129253,1.89144450906,5.09188895566
32,0,0,0.464453263984
33,0.167780041254,0.0095650725447,0.742086505879
34,1.3579875789,0.419775485233,3.19017799129
35,0.21424795518,0.0122116609689,0.95066060267
36,0,0,0.464453263984
37,0,0,0.26911086402
38,0,0,0.324175209762
39,1.0302703613,0.439311535209,2.01949574529
40,0,0,0.321864719733
41,0.253435345302,0.0144554286418,1.11963012103
42,3.1825122072,1.64084655553,5.51182687311
43,0,0,0.574591958813
44,0,0,0.706344590458
45,0.21298610546,0.0121376799697,0.943256757106
46,0,0,10000
47,0,0,10000
48,0.167856377671,0.00956895743706,0.74254713202
49,0,0,0.464453263984
50,2.20578179592,1.20162686456,3.68521489818
51,0.903215656556,0.224119134015,2.3554830162
52,2.01297475784,0.789368033105,4.16852274901
53,0,0,10000
54,0,0,10000
55,0,0,10000
56,0,0,10000
57,1.97117592726,0.777900992881,4.04411750381
58,2.79583920321,1.27677201375,5.35596746962
59,2.65896814158,1.35553014769,4.69451029419
60,2.59534446355,0.999697102009,5.53046245443
61,18.3076342753,1.81872349907,10000
62,6.50983338438,1.41994792474,26.0718402722
63,6.35388819644,1.30042983205,52.4050985089
64,0,0,13.7563673224
65,0,0,4.44530775314
66,3.79531255019,0.237943535895,58.8941955882
67,1.70693499133,0.0888569457544,18.8526319855
68,19.9702389591,1.50806085879,10000