site,MLE,Lower,Upper
1,0,0,4.03227526733
2,0,0,7932.16483512
3,0,0,7932.16483512
4,0,0,7932.16483512
5,0,0,7932.16483512
6,0,0,7932.16483512
7,0,0,7932.16483512
8,0,0,7932.16483512
9,0,0,7932.16483512
10,0,0,7932.16483512
11,0.369955963007,0.0210962819964,1.63512227161
12,3.35297610683,1.52078357378,6.33184910721
13,2.36740484844,0.934894488834,4.83844081203
14,0.642824640732,0.264803456779,1.37171251015
15,0.760174171548,0.126143528278,2.35999435269
16,0.839948589413,0.245459861142,2.21452463265
17,0,0,0.691262068906
18,0.755125239025,0.125329532119,2.34393949568
19,0,0,0.691262068906
20,0.448644766059,0.179412990585,0.946415648495
21,0.365444364841,0.0208394675691,1.61514110959
22,0,0,0.691262068906
23,0,0,0.021847635492
24,0.867560191892,0.318698014241,2.0322302047
25,1.82836053818,0.65330838346,3.96083281341
26,3.30483394705,1.48991729671,6.33269518372
27,5.15598889513,2.41314007922,9.42381885214
28,1.18197218009,0.292406434172,3.1037192399
29,2.32381912765,0.917482184636,4.77700557603
30,3.7651377509,1.7449472066,7.06276272984
31,7.11368097614,4.09196480295,11.8266550532
32,0,0,0.691262068906
33,0.364997458091,0.0208123527739,1.61364300523
34,1.57429959065,0.486915066166,3.69086314001
35,0.362141397364,0.0206521047115,1.60021302933
36,0,0,0.691262068906
37,0,0,0.021847635492
38,0,0,0.691262068906
39,0.154709085157,0.0567254610789,0.429760967533
40,0,0,0.691262068906
41,0.360271599371,0.020546758553,1.59158945862
42,4.25676247052,2.18928748647,7.43207807029
43,0,0,0.691262068906
44,0,0,0.691262068906
45,0.360348459564,0.020551136665,1.59193188194
46,0,0,7932.16483512
47,0,0,7932.16483512
48,0.369027126983,0.0210435309296,1.63097501056
49,0,0,0.691262068906
50,3.73369311939,1.84016441745,6.90848422125
51,1.10463491732,0.274162717803,2.88114886422
52,2.4354332529,0.958962023637,5.03651968342
53,0,0,7932.16483512
54,0,0,7932.16483512
55,0,0,7932.16483512
56,0,0,7932.16483512
57,2.50614276984,0.988753345647,5.15175864496
58,4.30811713572,2.05610177933,7.9214038531
59,8.93171400446,4.35399889058,17.9855839586
60,4.15414910965,1.60336648297,9.25526926576
61,14.2988983044,3.56917538972,173.098735488
62,6.115627962,1.27235878,28.0502619238
63,6.68228847638,0.80600093912,72.5192334408
64,0,0,58.8720929164
65,0,0,3.9138931133
66,5.28676528487,0.12911864821,106.038950375
67,5.17143830654,0.229247942125,69.6984740603
68,680.576144835,4.54415807736,7932.14017489