site,MLE,Lower,Upper
1,0,0,22.2119391322
2,0,0,10000
3,0,0,10000
4,0,0,10000
5,0,0,10000
6,0,0,10000
7,0,0,10000
8,0,0,10000
9,0,0,10000
10,0,0,10000
11,0,0,31.8014233202
12,0,0,3.24373966016
13,2.05848859212,0.340813916451,6.43437555581
14,4.45355530116,1.36149575965,10.6923754436
15,2.61436223311,0.431608120157,8.22726052137
16,4.64230832291,1.14722737005,12.2094706795
17,2.08204745165,0.344487547292,6.51363704295
18,2.71426997691,0.154431567339,12.0904244042
19,0,0,4.34097580729
20,0,0,1.66018037666
21,0,0,3.53682502198
22,0,0,1.91568106107
23,0,0,1.79792688979
24,0,0,2.98859778443
25,0,0,15.7421490025
26,0,0,2.86872309286
27,1.03249845424,0.0587285818144,4.60672467063
28,3.96356086656,1.21078140931,9.56146271076
29,0,0,3.24579712946
30,1.98038205295,0.112603373708,8.88945021919
31,0,0,2.86872309286
32,0,0,1.96053898274
33,2.86210139511,0.702712471362,7.6533847743
34,0,0,4.34097580729
35,1.00990000409,0.057499524624,4.48916709066
36,0,0,1.79792688979
37,4.13659638623,1.02246063193,10.9728839284
38,0,0,3.53682502198
39,1.3579875789,0.0771843351445,6.11036476884
40,0,0,4.04715493406
41,0.76958117608,0.0437701070465,3.42218051698
42,0.877361944079,0.0498470653581,3.93487338678
43,0,0,1.46611630119
44,0,0,1.96053898274
45,0,0,3.24373966016
46,0,0,2.42157838072
47,3.68349784074,0.608859025298,11.5546887373
48,0,0,1.66018037666
49,0,0,2.42157838072
50,0,0,2.98859778443