site,MLE,Lower,Upper
1,0,0,17.782828799
2,0,0,10000
3,0,0,10000
4,0,0,10000
5,0,0,10000
6,0,0,10000
7,0,0,10000
8,0,0,10000
9,0,0,10000
10,0,0,10000
11,0,0,43.3084183068
12,0,0,2.48078157025
13,1.91761968735,0.317541951771,5.98929109226
14,4.71806919777,1.42164564884,11.7177647814
15,2.51709887127,0.41508424262,7.94579569128
16,3.87318197198,0.953808245045,10.2696490495
17,1.90932141459,0.31554118036,5.99045589201
18,2.45635101537,0.139603952731,10.9811097733
19,0,0,5.79748936416
20,0,0,2.17680115095
21,0,0,2.50156990698
22,0,0,1.76282436066
23,0,0,2.45186542581
24,0,0,2.44331585735
25,0,0,15.4862749737
26,0,0,2.06437554649
27,1.00201788538,0.0569812038617,4.4745395287
28,6.35304197917,1.96890222239,14.9339692683
29,0,0,2.51202240119
30,2.08325473183,0.118368262078,9.32795487368
31,0,0,2.06437554649
32,0,0,1.88995026569
33,4.34659016451,1.07466640139,11.4479612574
34,0,0,5.79748936416
35,0.935731611854,0.0532730571383,4.16032122528
36,0,0,2.45186542581
37,3.39651880831,0.836359608923,9.01946658902
38,0,0,2.50156990698
39,1.06386012205,0.0602556880833,4.82923446341
40,0,0,4.30095519045
41,0.745785404324,0.0424493412906,3.32371916313
42,1.13916141801,0.0646067359229,5.1587575962
43,0,0,1.42347175422
44,0,0,1.88995026569
45,0,0,2.48078157025
46,0,0,2.1407682647
47,2.64006528705,0.435962394183,8.30447963436
48,0,0,2.17680115095
49,0,0,2.1407682647
50,0,0,2.44331585735