site,MLE,Lower,Upper
1,0,0,27.4289191096
2,0,0,10000
3,0,0,10000
4,0,0,10000
5,0,0,10000
6,0,0,10000
7,0,0,10000
8,0,0,10000
9,0,0,10000
10,0,0,10000
11,0,0,27.4289191096
12,0,0,4.14308909398
13,4.54253772952,0.753297614056,14.1354223815
14,0.939677658049,0.242198592211,22.2402991193
15,4.66863304714,0.773882755228,14.536686636
16,7.30512730921,1.808446966,19.1543484466
17,4.66862418383,0.773881365872,14.5366595843
18,2.18474233107,0.124603602754,9.67264017645
19,0,0,4.14308909398
20,0,0,0.132691747033
21,0,0,4.14308909398
22,0,0,4.14308909398
23,0,0,0.132691747033
24,0,0,4.14308909398
25,0,0,4.14308909398
26,0,0,4.14308909398
27,2.18474233107,0.124607855046,9.67297372898
28,0.368170035738,0.103806146124,1.10803410123
29,0,0,4.14308909398
30,2.20575356764,0.125734493673,9.76567426693
31,0,0,4.14308909398
32,0,0,4.14308909398
33,0.232498651554,0.0540969457208,0.734385756673
34,0,0,4.14308909398
35,2.18474233107,0.124607250162,9.67292628036
36,0,0,0.132691747033
37,6.86846498527,1.70187470115,17.9938642417
38,0,0,4.14308909398
39,2.19223183807,0.124962393229,9.70201578871
40,0,0,4.14308909398
41,2.18474233107,0.124605764973,9.67280977988
42,0.0717594823263,0.00399797179863,0.350880694271
43,0,0,4.14308909398
44,0,0,4.14308909398
45,0,0,4.14308909398
46,0,0,4.14308909398
47,4.45485518482,0.73892602158,13.8548544795
48,0,0,0.132691747033
49,0,0,4.14308909398
50,0,0,4.14308909398