site,MLE,Lower,Upper
1,0,0,23.7960755601
2,0,0,10000
3,0,0,10000
4,0,0,10000
5,0,0,10000
6,0,0,10000
7,0,0,10000
8,0,0,10000
9,0,0,10000
10,0,0,10000
11,0,0,27.5546411488
12,0,0,3.35330768829
13,1.9389782422,0.320786034746,6.06997690583
14,4.6399591103,1.4170423496,11.1632680821
15,2.51403056449,0.414749491408,7.92836497646
16,4.32879282972,1.06890173908,11.4185401333
17,1.95567822896,0.323285325535,6.13324859217
18,3.55332133558,0.202107080942,15.8388755148
19,0,0,3.57389580671
20,0,0,1.75098934887
21,0,0,3.6693709826
22,0,0,1.82166847927
23,0,0,1.77982492495
24,0,0,2.66592195354
25,0,0,29.02171629
26,0,0,3.18068426451
27,0.97488973619,0.0554421964027,4.35245875306
28,3.94700952756,1.20215000727,9.51010467773
29,0,0,2.84913974436
30,1.73866835157,0.0989336894856,7.78592951047
31,0,0,3.18068426451
32,0,0,1.86281615864
33,2.85299299104,0.700094045566,7.63884743049
34,0,0,3.57389580671
35,0.95409718859,0.054308552908,4.24526064116
36,0,0,1.77982492495
37,4.22099611518,1.04022274031,11.177228968
38,0,0,3.6693709826
39,1.46066588498,0.0829243982563,6.56825707694
40,0,0,3.509444712
41,0.783028591436,0.0445643444833,3.48770395197
42,0.918753828551,0.0521667013463,4.12667107839
43,0,0,1.49238596964
44,0,0,1.86281615864
45,0,0,3.35330768829
46,0,0,3.08415167547
47,3.80301713705,0.628338859481,11.9425253687
48,0,0,1.75098934887
49,0,0,3.08415167547
50,0,0,2.66592195354