site,MLE,Lower,Upper
1,0,0,17.4905750143
2,0,0,10000
3,0,0,10000
4,0,0,10000
5,0,0,10000
6,0,0,10000
7,0,0,10000
8,0,0,10000
9,0,0,10000
10,0,0,10000
11,0,0,42.5966632708
12,0,0,2.44296957181
13,1.89010278861,0.312966723737,5.9044448864
14,4.65185659667,1.40086241532,11.5703151279
15,2.47967534889,0.408836311369,7.8320087344
16,3.81608406011,0.939942914678,10.1231107527
17,1.88066041803,0.310773621049,5.90219881301
18,2.4179820564,0.137401186288,10.8120328491
19,0,0,5.70927103885
20,0,0,2.14411307032
21,0,0,2.46367277104
22,0,0,1.73606325689
23,0,0,2.41471502422
24,0,0,2.4064009104
25,0,0,15.2506123125
26,0,0,2.03350793026
27,0.986245085718,0.0560796629454,4.40550164283
28,6.29221773533,1.95188544726,14.7837160843
29,0,0,2.47375000706
30,2.05223066687,0.116491076294,9.18430025365
31,0,0,2.03350793026
32,0,0,1.8613394759
33,4.29492334801,1.06232204301,11.3122914448
34,0,0,5.70927103885
35,0.921360311785,0.0524521486479,4.09727021932
36,0,0,2.41471502422
37,3.35297610683,0.826304146028,8.91564299168
38,0,0,2.46367277104
39,1.04692071267,0.059288465172,4.75503211909
40,0,0,4.23574022151
41,0.734518486473,0.0417933453242,3.27333170076
42,1.12290662104,0.0636259650179,5.08394223551
43,0,0,1.40188664488
44,0,0,1.8613394759
45,0,0,2.44296957181
46,0,0,2.10819583719
47,2.60030907931,0.429349652207,8.18203199951
48,0,0,2.14411307032
49,0,0,2.10819583719
50,0,0,2.4064009104