site,MLE,Lower,Upper
1,0,0,10.1006463775
2,0,0,10000
3,0,0,10000
4,0,0,10000
5,0,0,10000
6,0,0,10000
7,0,0,10000
8,0,0,10000
9,0,0,10000
10,0,0,10000
11,0,0,54.5149973555
12,0,0,1.11152559024
13,1.56654018603,0.258389711646,4.97028560955
14,4.13668121034,1.23438201258,10.4670078893
15,5.23948031554,0.864745154942,16.4855010314
16,21.6409659945,5.31431882213,56.9369658742
17,1.57058326417,0.258697479328,4.97858226777
18,1.30329749426,0.0739741202498,5.86079937818
19,0,0,6.98750522932
20,0,0,1.40248582131
21,0,0,3.4577861377
22,0,0,1.43679181748
23,0,0,0.866150999014
24,0,0,13.481286176
25,0,0,44.1900962937
26,0,0,3.10324723451
27,1.14160349215,0.0648205999122,5.12460572736
28,1.95134826079,0.59641948984,4.69166403819
29,0,0,2.74353312571
30,5.6440415202,0.317671171386,26.3527743146
31,0,0,3.10324723451
32,0,0,2.19934605408
33,1.42685174511,0.350731483234,3.80761373406
34,0,0,6.98750522932
35,0.75462400249,0.0428530854117,3.38859526902
36,0,0,0.866150999014
37,4.66183874332,1.14452648899,12.4456321357
38,0,0,3.4577861377
39,1.50310385541,0.0847965766853,6.90766964379
40,0,0,15.1771968463
41,1.00872976045,0.0573470006122,4.50910208549
42,0.739334955523,0.0416670501417,3.4036031833
43,0,0,1.91068515766
44,0,0,2.19934605408
45,0,0,1.11152559024
46,0,0,5.96408918717
47,3.65164969029,0.601224181131,11.5707680199
48,0,0,1.40248582131
49,0,0,5.96408918717
50,0,0,13.481286176