site,MLE,Lower,Upper
1,0,0,21.9783271017
2,0,0,10000
3,0,0,10000
4,0,0,10000
5,0,0,10000
6,0,0,10000
7,0,0,10000
8,0,0,10000
9,0,0,10000
10,0,0,10000
11,0,0,31.466954767
12,0,0,3.15902626841
13,2.00425192899,0.331560621134,6.25729435526
14,4.31151185212,1.31872405944,10.3408994444
15,2.54535245931,0.420285479926,8.00658089662
16,4.52369598175,1.11775226657,11.8845916631
17,2.02560039064,0.335195276273,6.33491063974
18,2.64249516886,0.150358712539,11.7676286773
19,0,0,4.22743450486
20,0,0,1.61653031887
21,0,0,3.44411594941
22,0,0,1.86550625533
23,0,0,1.75059737022
24,0,0,2.9103323544
25,0,0,15.3307489928
26,0,0,2.79317562128
27,1.00582854188,0.0572165867433,4.48616456461
28,3.84986324039,1.17567781987,9.26751773706
29,0,0,3.16099232102
30,1.93289652112,0.109798683985,8.66421364768
31,0,0,2.79317562128
32,0,0,1.90910205178
33,2.78479576317,0.683703483769,7.43965837691
34,0,0,4.22743450486
35,0.983498356692,0.0559997695949,4.37074460554
36,0,0,1.75059737022
37,3.99252609546,0.986558645941,10.5914448378
38,0,0,3.44411594941
39,1.32469803961,0.0752207923031,5.95128083317
40,0,0,3.94089182555
41,0.748401115523,0.0426397520823,3.33260612147
42,0.854321406242,0.0485303657718,3.82869682492
43,0,0,1.42769943106
44,0,0,1.90910205178
45,0,0,3.15902626841
46,0,0,2.35825674502
47,3.58617478992,0.592838231806,11.2458086749
48,0,0,1.61653031887
49,0,0,2.35825674502
50,0,0,2.9103323544