site,MLE,Lower,Upper
1,0,0,19.1789540699
2,0,0,10000
3,0,0,10000
4,0,0,10000
5,0,0,10000
6,0,0,10000
7,0,0,10000
8,0,0,10000
9,0,0,10000
10,0,0,10000
11,0,0,36.330518959
12,0,0,2.67551050571
13,2.1111730278,0.349677025542,6.58823907278
14,4.45951004915,1.35971216682,10.7760273506
15,2.2888945125,0.377832173448,7.18264369698
16,3.63049980382,0.891089759085,9.70077506698
17,2.09707612813,0.347090903651,6.55957168487
18,1.64410429927,0.0936437568429,7.29665099301
19,0,0,4.8877999355
20,0,0,1.68887204319
21,0,0,3.31762019087
22,0,0,1.9555648448
23,0,0,1.70546454361
24,0,0,2.49677068884
25,0,0,11.525104148
26,0,0,2.80697479355
27,1.2802489125,0.0727857273623,5.72044378236
28,3.76547677432,1.14853623447,9.09081401585
29,0,0,3.83262655295
30,2.66985027383,0.151611678096,11.9785460858
31,0,0,2.80697479355
32,0,0,2.44121260054
33,2.73912772659,0.671446182782,7.34407327514
34,0,0,4.8877999355
35,1.03066905204,0.0587025896034,4.57529578737
36,0,0,1.70546454361
37,4.02569007754,0.992955750582,10.6378173048
38,0,0,3.31762019087
39,1.31509846957,0.0747029256338,5.8990052709
40,0,0,5.49750640186
41,0.780584385754,0.0444483664217,3.46859966261
42,0.889011707445,0.0504137207127,4.01953785506
43,0,0,1.4860850431
44,0,0,2.44121260054
45,0,0,2.67551050571
46,0,0,1.82432892614
47,3.48004577479,0.575133658433,10.9213709773
48,0,0,1.68887204319
49,0,0,1.82432892614
50,0,0,2.49677068884