site,MLE,Lower,Upper
1,0,0,89.0697585548
2,0,0,10000
3,0,0,10000
4,0,0,10000
5,0,0,10000
6,0,0,10000
7,0,0,10000
8,0,0,10000
9,0,0,10000
10,0,0,10000
11,0,0,89.0697585548
12,0,0,9.88922130776
13,10.8410844477,1.78061985964,35.6849053731
14,2.88452350469,0.762109093653,43.7046817494
15,13.0274397995,2.12778716587,42.0437976079
16,20.7330029156,5.02031037545,56.6546519963
17,13.0274404749,2.12778716575,42.0437976051
18,5.19750812812,0.295208883749,23.5798155469
19,0,0,9.88922130776
20,0,0,0.352906935396
21,0,0,9.88922130776
22,0,0,9.88922130776
23,0,0,0.352906935396
24,0,0,9.88922130776
25,0,0,9.88922130776
26,0,0,9.88922130776
27,5.19750765913,0.295208884071,23.5798155477
28,1.26248873125,0.341417448336,3.65721261277
29,0,0,9.88922130776
30,5.22704512027,0.296855312708,23.729733935
31,0,0,9.88922130776
32,0,0,9.88922130776
33,0.806389033177,0.167794342564,2.55667622413
34,0,0,9.88922130776
35,5.19750812902,0.295208883817,23.5798155529
36,0,0,0.352906935396
37,16.6188836246,4.04124743089,48.2414483908
38,0,0,9.88922130776
39,5.20657299324,0.295715608537,23.6256775654
40,0,0,9.88922130776
41,5.19750850033,0.29520890473,23.5798173986
42,0.193961265051,0.0100801694862,1.14894882628
43,0,0,9.88922130776
44,0,0,9.88922130776
45,0,0,9.88922130776
46,0,0,9.88922130776
47,10.660688294,1.75200420344,34.9623704108
48,0,0,0.352906935396
49,0,0,9.88922130776
50,0,0,9.88922130776