site,MLE,Lower,Upper
1,0,0,23.5399658593
2,0,0,10000
3,0,0,10000
4,0,0,10000
5,0,0,10000
6,0,0,10000
7,0,0,10000
8,0,0,10000
9,0,0,10000
10,0,0,10000
11,0,0,27.2580792094
12,0,0,3.27225127706
13,1.89121434069,0.312905068564,5.91904421592
14,4.49856792564,1.37673600738,10.8364618073
15,2.45274642134,0.404673445994,7.73315064517
16,4.22147418107,1.04247807146,11.1333431433
17,1.90729826443,0.315320387659,5.97986843296
18,3.46585300619,0.197139123046,15.447184756
19,0,0,3.4873967513
20,0,0,1.70849021195
21,0,0,3.5804851466
22,0,0,1.77756584372
23,0,0,1.73660660362
24,0,0,2.601341676
25,0,0,28.3207904165
26,0,0,3.10345562502
27,0.95144019691,0.0541113675172,4.24687942059
28,3.83531708652,1.17031535758,9.24783802948
29,0,0,2.78027411873
30,1.69931146469,0.0966262108217,7.60258079451
31,0,0,3.10345562502
32,0,0,1.81767505354
33,2.78266615258,0.682713758824,7.44610035474
34,0,0,3.4873967513
35,0.931024265498,0.0529971814757,4.14186446427
36,0,0,1.73660660362
37,4.08316885242,1.00665419881,10.8130209123
38,0,0,3.5804851466
39,1.42698384971,0.08101834602,6.41465365236
40,0,0,3.42442852141
41,0.764166741322,0.0435005509118,3.40379135307
42,0.896356333206,0.0508985840747,4.02490129237
43,0,0,1.45624609838
44,0,0,1.81767505354
45,0,0,3.27225127706
46,0,0,3.00954547451
47,3.71007502776,0.613021894748,11.6485146462
48,0,0,1.70849021195
49,0,0,3.00954547451
50,0,0,2.601341676