site,MLE,Lower,Upper
1,0,0,19.7750447632
2,0,0,10000
3,0,0,10000
4,0,0,10000
5,0,0,10000
6,0,0,10000
7,0,0,10000
8,0,0,10000
9,0,0,10000
10,0,0,10000
11,0,0,37.4596881566
12,0,0,2.79450643727
13,2.20652555474,0.365445097229,6.88743419588
14,4.67802178608,1.42592667545,11.3163956693
15,2.38943094216,0.394688663111,7.50670646239
16,3.79338274105,0.930442374781,10.1422214101
17,2.19165873413,0.362636534449,6.85585272683
18,1.71728057567,0.0978076855246,7.62277661509
19,0,0,5.10534079718
20,0,0,1.76436638292
21,0,0,3.46544807898
22,0,0,2.04262162018
23,0,0,1.7816382597
24,0,0,2.60834888403
25,0,0,12.0375341102
26,0,0,2.93228731131
27,1.33774041051,0.0760094289185,5.97631003106
28,3.94700952756,1.20196014682,9.53118395987
29,0,0,4.00316483866
30,2.78580130554,0.158184462139,12.5023277715
31,0,0,2.93228731131
32,0,0,2.55006640785
33,2.86240849219,0.701397303723,7.68218221209
34,0,0,5.10534079718
35,1.07653249359,0.0613121384353,4.77980025771
36,0,0,1.7816382597
37,4.23463632305,1.04445386925,11.1906089097
38,0,0,3.46544807898
39,1.37185538481,0.0779200579748,6.15586060322
40,0,0,5.7425989681
41,0.815104865789,0.046411879544,3.62275968775
42,0.929172105717,0.0526686895519,4.20228805658
43,0,0,1.55225474566
44,0,0,2.55006640785
45,0,0,2.79450643727
46,0,0,1.90556476084
47,3.63559448439,0.600774564223,11.4126992549
48,0,0,1.76436638292
49,0,0,1.90556476084
50,0,0,2.60834888403