site,MLE,Lower,Upper
1,0,0,11.4011778438
2,0,0,10000
3,0,0,10000
4,0,0,10000
5,0,0,10000
6,0,0,10000
7,0,0,10000
8,0,0,10000
9,0,0,10000
10,0,0,10000
11,0,0,61.5341969585
12,0,0,1.2311722552
13,1.73393864444,0.285956190383,5.49505912379
14,4.53645567901,1.35692679608,11.4559061758
15,5.80012595298,0.957453179776,18.240961832
16,23.9456690566,5.88143418682,63.0019605842
17,1.73868736029,0.28633242126,5.50452886072
18,1.44281456506,0.0819518809394,6.48793685285
19,0,0,7.73968960225
20,0,0,1.55275858967
21,0,0,3.82951386676
22,0,0,1.5912664926
23,0,0,0.959302043674
24,0,0,14.9325941195
25,0,0,48.9514444477
26,0,0,3.43551673667
27,1.26410512882,0.0717878901488,5.67172171701
28,2.15841685923,0.659622251419,5.17761256405
29,0,0,3.03844237224
30,6.26961798575,0.352942936513,29.2566171396
31,0,0,3.43551673667
32,0,0,2.43579838455
33,1.57996685801,0.388350729711,4.21211490056
34,0,0,7.73968960225
35,0.835994743501,0.0474749194223,3.75145302675
36,0,0,0.959302043674
37,5.13373143993,1.26056454355,13.7010647864
38,0,0,3.82951386676
39,1.66635508656,0.0940560538395,7.65174681267
40,0,0,16.8097137084
41,1.11783804162,0.0635570042693,4.99461421935
42,0.817720030605,0.0461391507181,3.76280390004
43,0,0,2.11623132403
44,0,0,2.43579838455
45,0,0,1.2311722552
46,0,0,6.60606112154
47,4.04296819072,0.665818322826,12.8015906791
48,0,0,1.55275858967
49,0,0,6.60606112154
50,0,0,14.9325941195