site,MLE,Lower,Upper
1,0,0,0.834634026413
2,1.95952011347,0.838099845535,3.83166234614
3,2.77541750255,1.2610829025,5.21607771851
4,0.270204402766,0.0154093383006,1.19360730442
5,0,0,0.518921736975
6,0,0,1.03737195008
7,0,0,0.767470198766
8,0,0,0.425140927553
9,0,0,1.11572761611
10,0.386594292513,0.0220187893489,1.715779167
11,2.11268621388,0.120519808562,9.32126357822
12,3.63907180247,1.86870731362,6.34493110668
13,1.15600961361,0.411500075469,2.51281942909
14,1.08799987232,0.180453919324,3.38161185344
15,0.261063012685,0.0148864013677,1.1536997262
16,1.28399941755,0.457674216581,2.79179409507
17,1.99363060074,0.853706538883,3.88284067729
18,0.556075912997,0.0317046268074,2.45886648651
19,0.462543795983,0.0766938754866,1.43872743065
20,5.31693623751,2.87027978197,9.0133057135
21,0.240847297079,0.0137193057752,1.06845714207
22,0,0,0.425140927553
23,0.589508168456,0.0337461015905,2.57961271693
24,1.33008065025,0.410557350722,3.12865955453
25,8.10503168039,5.19757115808,12.1198784701
26,0.538101016072,0.0306653256937,2.38309395459
27,2.949643271,1.56631952476,5.03450278628
28,0.437815815249,0.0249444471779,1.93522959217
29,0.825053839234,0.13678454437,2.56785549511
30,0.709353549885,0.0404296933674,3.13654722879
31,0,0,1.03737195008
32,0.631431715455,0.156603774728,1.64644191937
33,0,0,1.36666891864
34,0,0,0.376349984989
35,0,0,1.03737195008
36,0.795628577423,0.131756035963,2.48268140395
37,0,0,1.03737195008
38,0,0,0.376349984989
39,0,0,0.376349984989
40,0.398051379641,0.0226673855132,1.76779414923
41,3.26390454862,0.184242589464,15.131974126