site,MLE,Lower,Upper
1,0,0,0.682616043091
2,2.33587843369,0.998425476642,4.56802573816
3,2.26367636407,1.02914210364,4.25092914566
4,0.273931856476,0.0156236413862,1.2095882986
5,0,0,0.52572326351
6,0,0,1.39800788255
7,0,0,0.632866030179
8,0,0,0.42795636692
9,0,0,1.24583232128
10,0.3751904643,0.0213716709884,1.66447962587
11,1.53579300971,0.0875563023636,6.76504955092
12,3.61119674663,1.8508443435,6.31466552526
13,1.15120627211,0.409264447896,2.51553090174
14,1.45998954758,0.242208458647,4.53554012721
15,0.262546955996,0.0149712932838,1.16016599542
16,1.22938437981,0.438098196581,2.67472560272
17,2.17358476686,0.930033316722,4.23553132111
18,0.741908089469,0.0423596477659,3.28929024573
19,0.465262946576,0.0770440846509,1.45082462336
20,5.34777116412,2.88556980067,9.08027381113
21,0.227097458258,0.0129195330231,1.00711922512
22,0,0,0.42795636692
23,0.777472440106,0.0443514698944,3.42887619338
24,1.2710904094,0.392682550718,2.98709377961
25,7.96562623326,5.06968359952,12.0396988046
26,0.720285157773,0.0410260629627,3.1892219972
27,2.99652738811,1.57747520903,5.16408063732
28,0.411983475398,0.023485824136,1.82245376919
29,0.783028591436,0.129860703666,2.43565593921
30,0.417545497072,0.0238298490457,1.84523785155
31,0,0,1.39800788255
32,0.653965001519,0.162328294309,1.70598176441
33,0,0,0.801602607281
34,0,0,0.378574998702
35,0,0,1.39800788255
36,0.745785404324,0.123541049681,2.32745475525
37,0,0,1.39800788255
38,0,0,0.378574998702
39,0,0,0.378574998702
40,0.389972771058,0.0222075862225,1.73182887497
41,2.78910292022,0.154488282882,14.1241780755