site,MLE,Lower,Upper
1,0,0,0.568055017477
2,1.34400548716,0.573357547264,2.62442155605
3,1.91092753185,0.868112042488,3.59264636349
4,0.185992419289,0.0106064470472,0.821723935306
5,0,0,0.357192287697
6,0,0,0.706190771556
7,0,0,0.522400516698
8,0,0,0.289431121843
9,0,0,0.759415291889
10,0.263269776048,0.0149916829612,1.16930766558
11,1.43929862542,0.082017108574,6.34449948776
12,2.51133542345,1.28808039403,4.3856057428
13,0.787386382184,0.280467259042,1.71596351287
14,0.739161065791,0.122559124181,2.29920551963
15,0.178405833263,0.0101720133338,0.788727291548
16,0.880376776627,0.313792281659,1.91454722796
17,1.36421261715,0.583858559596,2.66007529122
18,0.377801156321,0.0215359197017,1.671755725
19,0.315169566631,0.0522434322348,0.981133959565
20,3.68840124526,1.98739613307,6.27132298333
21,0.163896310703,0.00933421242279,0.727593649187
22,0,0,0.289431121843
23,0.407946085036,0.0233967080041,1.77817716294
24,0.902654154504,0.278390305959,2.12560541351
25,5.66399525851,3.62477755095,8.48377702853
26,0.366219122707,0.0208670490448,1.62271320825
27,2.03358490352,1.07745970669,3.46599190568
28,0.297500105575,0.0169587223304,1.3163008733
29,0.560371297081,0.0928845132285,1.74505144338
30,0.48261617191,0.0275236576769,2.13637294392
31,0,0,0.706190771556
32,0.430390556209,0.106757554322,1.1234538229
33,0,0,0.930315039174
34,0,0,0.256179320726
35,0,0,0.706190771556
36,0.542888342235,0.0898663820337,1.69582262873
37,0,0,0.706190771556
38,0,0,0.256179320726
39,0,0,0.256179320726
40,0.271104524163,0.0154346212618,1.20511683031
41,2.19279403612,0.123773114967,10.1688657041