site,MLE,Lower,Upper
1,0,0,0.352225652805
2,1.06494263431,0.454564010238,2.08304616678
3,1.53888652065,0.698431213127,2.89794050061
4,0.13872765193,0.00791034611157,0.613121970965
5,0,0,0.266516511423
6,0,0,0.60915960612
7,0,0,0.34548707575
8,0,0,0.306940787365
9,0,0,0.822482145913
10,0.153452714292,0.00872536499541,0.685363754141
11,1.14650932306,0.0653727777588,5.06156921888
12,1.90347362979,0.963033281674,3.40024334771
13,0.948959991832,0.338028129375,2.06815158695
14,0.634469688808,0.105262278086,1.9711875309
15,0.132814192661,0.00756985781865,0.587895314457
16,0.929437523757,0.331319244345,2.01959877603
17,1.06929528144,0.458323638424,2.08178793783
18,0.348969508089,0.0199918660572,1.52359976357
19,0.307088102683,0.0508406697903,0.958964466415
20,2.73143521003,1.44297682557,4.79767531658
21,0.180968926059,0.0103141402605,0.801199751224
22,0,0,0.306940787365
23,0.425872724141,0.0261779681587,1.70107652332
24,0.601248652697,0.184873785587,1.42468629976
25,6.01098304868,3.80333597727,9.14945139118
26,0.314585301684,0.0179288743842,1.39272682046
27,2.56418063767,1.35686090792,4.40649271303
28,0.177179704726,0.0100975806419,0.784615622542
29,0.346845669159,0.0574818586387,1.08046159749
30,0.360373540213,0.0205302624251,1.59757186112
31,0,0,0.60915960612
32,0.337439565806,0.0836250321775,0.881628199804
33,0,0,0.696836412837
34,0,0,0.201622761563
35,0,0,0.60915960612
36,0.332941877236,0.0550126893252,1.04347407892
37,0,0,0.60915960612
38,0,0,0.201622761563
39,0,0,0.201622761563
40,0.162121152355,0.00921473243927,0.725164480316
41,1.48201824036,0.0826197394992,7.3265177514