site,MLE,Lower,Upper
1,0,0,0.632654530363
2,1.90215502268,0.81233654386,3.71720888838
3,2.7332302728,1.24096595525,5.14399146745
4,0.246591667085,0.0140620026349,1.08966393265
5,0,0,0.473739258402
6,0,0,1.09396088293
7,0,0,0.62036828514
8,0,0,0.551046574218
9,0,0,1.47723252741
10,0.275338762651,0.0156615868154,1.2280530825
11,2.05848859212,0.117445713531,9.09154688978
12,3.37932258798,1.71530215351,6.00918766073
13,1.69542594682,0.604435331234,3.68860645256
14,1.14354601009,0.189761615682,3.54949990681
15,0.237723114943,0.0135519060927,1.05152111245
16,1.66678126849,0.594561332322,3.61744977131
17,1.90084877682,0.814693558055,3.69876694585
18,0.631431715455,0.0362077127898,2.74929716702
19,0.55236696928,0.0914817863474,1.72325028671
20,4.70626128435,2.49749630236,8.21737470332
21,0.325021294111,0.0185266292306,1.43815954504
22,0,0,0.551046574218
23,0.740618000982,0.0445550206097,3.00968521538
24,1.0824546946,0.333184469415,2.55937181883
25,10.4707539736,6.62109859972,15.9574064086
26,0.565476987074,0.0322344287456,2.50221079876
27,4.52082066614,2.39280878584,7.7600882048
28,0.318247897644,0.01813952146,1.40862233638
29,0.623337282629,0.103331917509,1.94026821374
30,0.646869956345,0.0368581584742,2.86596862879
31,0,0,1.09396088293
32,0.60516048059,0.150062701373,1.58015041071
33,0,0,1.2512928578
34,0,0,0.362083547105
35,0,0,1.09396088293
36,0.591639173913,0.0978071393466,1.8526274892
37,0,0,1.09396088293
38,0,0,0.362083547105
39,0,0,0.362083547105
40,0.291011788837,0.0165478593956,1.29950550665
41,2.71158078064,0.151400000474,13.4084066708