site,MLE,Lower,Upper
1,0,0,0.865738890299
2,1.84343548977,0.787408909824,3.60182707235
3,2.76586293322,1.25574730873,5.20555338871
4,0.258309907903,0.0147296440196,1.14145628989
5,0,0,0.495181819102
6,0,0,0.903747569651
7,0,0,0.686567437072
8,0,0,0.449918244461
9,0,0,0.921261913531
10,0.427747888142,0.0243515279256,1.89715761255
11,3.85625530368,0.220019415346,17.0048226628
12,3.9769217001,2.04132564412,6.9387162563
13,1.20786321844,0.430085391523,2.63071212008
14,0.946738145476,0.157086043723,2.93981304641
15,0.246977231553,0.0140797899637,1.09208500217
16,1.27806721994,0.455324646651,2.78087216682
17,1.89849505712,0.813972329342,3.69354979899
18,0.475417008056,0.0270993915815,2.10308245468
19,0.477140884187,0.0790836898322,1.48499815536
20,5.51484882793,2.97933379309,9.33564307714
21,0.239366730523,0.0136336980727,1.06225406933
22,0,0,0.449918244461
23,0.48573069362,0.0277076052802,2.14873753692
24,1.41598031599,0.43695938977,3.33267243294
25,8.55586564018,5.4832663061,12.8068796963
26,0.467984032001,0.0266937397368,2.07240842956
27,3.12738169105,1.65750199761,5.33537973106
28,0.454458591646,0.0259048981187,2.01098564288
29,0.850999830913,0.141059739314,2.64980731488
30,0.946490823269,0.0539502840333,4.18785505962
31,0,0,0.903747569651
32,0.638569887917,0.158342646311,1.66653573058
33,0,0,1.82997385601
34,0,0,0.384513660875
35,0,0,0.903747569651
36,0.867560191892,0.143573113122,2.70792408219
37,0,0,0.903747569651
38,0,0,0.384513660875
39,0,0,0.384513660875
40,0.435254789122,0.0247891883749,1.93205744149
41,3.15997698279,0.177278008188,15.2868723606