site,MLE,Lower,Upper
1,0,0,0.137468779463
2,1.00089994338,0.425325607304,1.97183827442
3,2.67085923229,1.27202626016,4.88550620229
4,0.100985068725,0.00575306304758,0.447820854616
5,0,0,0.193128725089
6,0,0,1.87343233037
7,0,0,1.66734471192
8,0,0,0.171882920706
9,0,0,0.864150346736
10,0.199521388873,0.0113162535294,0.898680465051
11,5.43143764872,0.8959526781,17.0123358738
12,1.85628502043,0.934559552312,3.33420555772
13,0.417767079079,0.147487653824,0.922461222512
14,1.88485207888,0.312318704665,5.87045983051
15,0.094626277862,0.00538719978111,0.420530471197
16,0.330604277061,0.11881771789,0.712283650327
17,0.892080999419,0.382321083693,1.74181238579
18,1.03474266109,0.0589004273293,4.59159685443
19,0.183547655411,0.0302564834583,0.579396196501
20,3.14992922337,1.66564141394,5.50783104257
21,0.0562946223489,0.00320624662877,0.249900218277
22,0,0,0.171882920706
23,1.36765610491,0.0805756377128,5.32502091067
24,0.729567996249,0.223175900236,1.74567173738
25,4.00273249185,2.47945949751,6.2674177366
26,0.904952630889,0.0513907826494,4.05088932656
27,1.22719094486,0.639215152307,2.14281419035
28,0.212806212737,0.0121156357835,0.94575204952
29,0.412911573701,0.0683211649524,1.2914501054
30,0.158837148592,0.00904215132311,0.706279598989
31,0,0,1.87343233037
32,0.394450615104,0.0976388304423,1.03356570145
33,0,0,0.304333742991
34,0,0,0.236024381273
35,0,0,1.87343233037
36,0.405605885064,0.0666269064522,1.29128439003
37,0,0,1.87343233037
38,0,0,0.236024381273
39,0,0,0.236024381273
40,0.210978593049,0.0119596650917,0.952131294064
41,5.8965439292,0.332495465033,27.0375688208