site,MLE,Lower,Upper
1,0,0,1.78780549729
2,7.73546739062,3.27408115607,15.4435753198
3,10.2064905296,4.60126453065,19.5600660785
4,1.08837278898,0.0620447418511,4.81680728558
5,0,0,2.06985932276
6,0,0,1.78780549729
7,0,0,1.78780549729
8,0,0,0.0576670826219
9,0,0,1.78780549729
10,0.937125922883,0.0534128749582,4.15110767031
11,0.932445704264,0.0531471150944,4.13004105506
12,3.43058874023,1.58090770743,7.46237135156
13,0.215226851587,0.0667764389406,0.59173347483
14,1.88266851823,0.312118972771,5.86626324648
15,0.99647402401,0.0567644558354,4.42118188424
16,0.273392280034,0.0835590850467,0.822645196015
17,7.40753099561,3.14137498213,14.7630260026
18,0.934129339197,0.0532427195645,4.13751132633
19,0.10978034103,0.0164479366026,0.452607369594
20,10.7924091447,5.41317331188,19.9964200403
21,0.0302133185381,0.00167841401873,0.149585060328
22,0,0,0.0576670826219
23,0.996474023994,0.0567644558354,4.42118188424
24,3.93078144936,1.21259105804,9.27917746504
25,32.2917489279,15.1722291607,62.5456605576
26,0.95928557602,0.0546633666543,4.25314409773
27,1.06379771493,0.494811005952,2.09772557773
28,0.946891170202,0.0539634014092,4.19623181684
29,1.97531944712,0.327483382869,6.18253781373
30,0.934129233281,0.0532427135655,4.13751085132
31,0,0,1.78780549729
32,3.0120769075,0.745322085197,7.91418386612
33,0,0,1.78780549729
34,0,0,1.78780549729
35,0,0,1.78780549729
36,1.941797719,0.321887719276,6.0519215611
37,0,0,1.78780549729
38,0,0,1.78780549729
39,0,0,1.78780549729
40,0.952713472549,0.0542637398948,4.23206977941
41,4.96936545957,0.281163196959,23.357669413