site,MLE,Lower,Upper
1,0,0,0.499204754898
2,1.71980954092,0.735113660817,3.36615194315
3,1.67543219073,0.76205185582,3.14880655825
4,0.202773594906,0.0115648379492,0.895485886871
5,0,0,0.389151051913
6,0,0,1.0225677567
7,0,0,0.462991319382
8,0,0,0.313091446744
9,0,0,0.911140296306
10,0.274362533277,0.0156253600293,1.21805525873
11,1.12204535997,0.0640214272108,4.94708221174
12,2.67094455843,1.36792518723,4.67784023318
13,0.844797367427,0.299803433457,1.84763184928
14,1.06655240499,0.1768828381,3.31581178732
15,0.192535327192,0.010977389224,0.851237298487
16,0.907590858865,0.323501132811,1.97441627887
17,1.60049190673,0.684507756486,3.12148329644
18,0.542969327086,0.0309431804526,2.40440468983
19,0.340632372381,0.0563742653597,1.06328668107
20,3.96907961464,2.13651935655,6.7641663042
21,0.165861787017,0.00944405824458,0.736904324707
22,0,0,0.313091446744
23,0.576767959677,0.0329214631869,2.54049145418
24,0.929790164885,0.286939394346,2.18654050489
25,5.94466394459,3.77597939015,8.99869560833
26,0.526593055798,0.0300035104657,2.33376541405
27,2.22081736861,1.16827451606,3.83201156491
28,0.301743366974,0.0171997590333,1.33530139101
29,0.573127720297,0.0950822269048,1.78454711472
30,0.30556957509,0.0174261314027,1.34983163603
31,0,0,1.0225677567
32,0.478553252969,0.11873717884,1.24902828805
33,0,0,0.586260351937
34,0,0,0.276880505516
35,0,0,1.0225677567
36,0.545945183512,0.0903826823802,1.70510681898
37,0,0,1.0225677567
38,0,0,0.276880505516
39,0,0,0.276880505516
40,0.285058722989,0.0162295168553,1.26701416786
41,2.06968447295,0.11463475759,10.4894640468