site,MLE,Lower,Upper
1,0,0,0.54600132255
2,1.17157062026,0.499772146704,2.28933286324
3,1.77196077998,0.804339950238,3.33632636943
4,0.16507442044,0.00941256965952,0.729616885
5,0,0,0.316408488913
6,0,0,0.570074255215
7,0,0,0.433077081346
8,0,0,0.28384623123
9,0,0,0.581080779048
10,0.269754420061,0.0153611800242,1.19810040708
11,2.43266590965,0.138791204341,10.7274306511
12,2.55019035859,1.30751182515,4.45740860317
13,0.764166741322,0.271736437691,1.66617496747
14,0.595325208267,0.0988332672305,1.85177929884
15,0.156165995987,0.00890166882994,0.691037976204
16,0.813286240019,0.289719979291,1.770460148
17,1.20423835208,0.515979379156,2.3462819619
18,0.29967341419,0.0170803253891,1.32649792157
19,0.301201697848,0.0499096843175,0.938492108602
20,3.55683685241,1.91717633338,6.0399128596
21,0.150940321755,0.00859510282648,0.670444136447
22,0,0,0.28384623123
23,0.308894915769,0.0176109488044,1.3660804077
24,0.890926097052,0.274760260204,2.09977966076
25,5.54962834948,3.54666848418,8.32937383464
26,0.295363572756,0.016833328157,1.30777546346
27,1.99942890134,1.05975735978,3.41356233906
28,0.286377310821,0.016321907977,1.26782058013
29,0.5355631838,0.0887510180516,1.66877540196
30,0.597693148567,0.0340402495997,2.64400955278
31,0,0,0.570074255215
32,0.403674275794,0.100060471987,1.05440713628
33,0,0,1.15433360697
34,0,0,0.242538453012
35,0,0,0.570074255215
36,0.547855946298,0.0906567356055,1.71296661255
37,0,0,0.570074255215
38,0,0,0.242538453012
39,0,0,0.242538453012
40,0.274769383079,0.0156449650995,1.22085475817
41,1.96945382723,0.110549828846,9.53815194111