site,MLE,Lower,Upper
1,0,0,0.289293637334
2,2.06800338367,0.880136626701,4.06712474552
3,5.51961471204,2.63067025347,10.0834939423
4,0.207040783786,0.0117965451727,0.917645917054
5,0,0,0.396096447655
6,0,0,3.94153648433
7,0,0,3.50891680988
8,0,0,0.361184783193
9,0,0,1.81856493102
10,0.419048327153,0.0237910178948,1.88000945273
11,11.4263624055,1.88474475557,35.7883415557
12,3.72695390841,1.8827950907,6.66159388158
13,0.875724461938,0.310288251509,1.92781918625
14,3.97674765223,0.65968567453,12.3621527937
15,0.19760584595,0.0112556753763,0.876677919358
16,0.677137757477,0.242622226091,1.46225306457
17,1.84864293907,0.793679204943,3.5981760578
18,2.18783063771,0.124583246631,9.69636805976
19,0.384772425504,0.0635350047445,1.20954646683
20,6.18949100613,3.2936847922,10.7279020753
21,0.118755900853,0.00676653572343,0.526317990691
22,0,0,0.361184783193
23,2.63240861293,0.151068764399,10.9206035732
24,1.52903377524,0.469070637831,3.64375263822
25,7.85670581397,4.89369081366,12.2296441958
26,1.91463285301,0.108810650321,8.55161918263
27,2.48726909389,1.29871571914,4.33240983966
28,0.447995779318,0.0255278494249,1.98874360558
29,0.870816050531,0.144226725955,2.71825477021
30,0.334049913903,0.0190321242495,1.48314088891
31,0,0,3.94153648433
32,0.825847048908,0.20460891119,2.15924255265
33,0,0,0.640152002575
34,0,0,0.496598529336
35,0,0,3.94153648433
36,0.849383258761,0.139842885459,2.69167627583
37,0,0,3.94153648433
38,0,0,0.496598529336
39,0,0,0.496598529336
40,0.441614179264,0.0250991458181,1.98677626254
41,12.9350108516,0.72963428042,59.2427183551