site,MLE,Lower,Upper
1,0,0,0.599798140681
2,2.40294422291,1.02819701952,4.67494324806
3,2.93129094188,1.33534443194,5.48623481247
4,0.33814365982,0.0193041805249,1.49233866503
5,0,0,0.643493403163
6,0,0,0.599798140681
7,0,0,0.599798140681
8,0,0,0.0187313228379
9,0,0,0.599798140681
10,0.314900690493,0.0179650964528,1.38925428258
11,0.313439491912,0.0178819169148,1.38272643711
12,2.24661046549,0.561316620873,4.69034392946
13,0.0538267638924,0.0186344285181,0.12413290003
14,0.631427603144,0.104960554348,1.95663112913
15,0.322772083965,0.018412166546,1.42444610863
16,0.0612544067351,0.0212375498459,0.141585319461
17,2.33587843369,1.00189663821,4.54991744121
18,0.314946659618,0.0179677127754,1.38942424212
19,0.0265272637865,0.00431531796379,0.0870101467181
20,3.96261641095,2.12366074734,6.67345997587
21,0.00983430702829,0.000556140289948,0.044867842735
22,0,0,0.0187313228379
23,0.322772083963,0.018412166546,1.42447938584
24,1.29247965928,0.400718951479,3.01488723585
25,7.39980739268,4.51596008098,11.5677186722
26,0.316998717873,0.0180841937215,1.39864713097
27,0.17248771034,0.0840358946514,0.342799566999
28,0.314479012643,0.0179407156302,1.38749279311
29,0.641710283182,0.106653548391,1.98881980051
30,0.314945387726,0.0179676409928,1.38945112255
31,0,0,0.599798140681
32,0.975326720192,0.242182130401,2.53779909752
33,0,0,0.599798140681
34,0,0,0.599798140681
35,0,0,0.599798140681
36,0.640443396737,0.106386260369,1.98296383979
37,0,0,0.599798140681
38,0,0,0.599798140681
39,0,0,0.599798140681
40,0.315690133349,0.0180074397939,1.39352620077
41,2.38820345094,0.135521864529,10.8521574722