site,MLE,Lower,Upper
1,0.364415437677,0.0206308683882,1.68662401043
2,0,0,5609.2244053
3,0,0,1.90585901037
4,5.64389782983,1.7361387174,13.3765178019
5,5.56848603965,1.69999112845,13.4341419202
6,0,0,1.96721524461
7,0,0,4.31419845301
8,0,0,1.96721524461
9,3.68638740631,0.905636189745,9.87126755799
10,0,0,2.40631526381
11,1.75827950737,0.289603627035,5.59092256918
12,0,0,1.7951588565
13,1.05021774911,0.0596037833884,4.73059569312
14,0.604194526854,0.0330848780338,3.24966108295
15,0.578887845942,0.0327991990484,2.80588301556
16,1.51162925585,0.125196354365,5.87778968244
17,0,0,0.861358836946
18,0,0,0.664203355208
19,0,0,2.86517664722
20,0,0,2.39894018682
21,5.63207720746,0.943890681798,20.5534374668
22,0,0,0.917300257979
23,0.859627311675,0.139437121004,3.29966187322
24,0.755249898398,0.11334810401,3.50759545676
25,2.00847385337,0.451590259732,8.04845191705
26,0.864165737255,0.0785419621005,3.33071356317
27,0.589312241874,0.0320983336218,3.64522031241
28,0.705589036461,0.104603847203,2.85298488503
29,2.56780481689,0.595313054915,8.59440318025
30,0.838491940661,0.14540596354,3.09700072152
31,0.783028591436,0.116452586103,3.02655406874
32,10.7372908054,2.94425996515,25.4872782443
33,1.65950689026,0.316712396179,6.05693525501
34,0.238540314192,0.0128780047856,1.36324033562
35,1.09907647334,0.214221381105,3.57364047742
36,3.52977220806,0.937495395761,11.9154421315
37,0.869183444292,0.132671871767,4.34248998123
38,1.10220167149,0.178606590268,4.27251781827
39,1.02940515898,0.169441886573,3.56764901803
40,0,0,1.3656361032
41,1.47210497277,0.0352246953958,5609.22439464
42,0,0,0.815783456635
43,7.60414088788,0.221793339882,5609.22396185
44,0.479816687708,0.0247355997055,5609.22438335
45,8.76055582586,0.134426901389,5609.22405209
46,0,0,0.691877009751
47,0,0,5609.2244053
48,0,0,5609.2244053
49,0,0,5609.2244053
50,0,0,5609.2244053
51,0,0,5609.2244053
52,0,0,5609.2244053
53,0,0,5609.2244053
54,0,0,5609.2244053
55,0,0,5609.2244053
56,0,0,5609.2244053
57,0,0,5609.2244053
58,0,0,5609.2244053
59,0,0,5609.2244053
60,0,0,5609.2244053
61,0,0,5609.2244053
62,0,0,5609.2244053
63,0,0,5609.2244053
64,0,0,5609.2244053
65,0,0,5609.2244053
66,0,0,5609.2244053
67,0,0,5609.2244053
68,0,0,5609.2244053