site,MLE,Lower,Upper
1,0.189548964863,5.95880880518e-05,1.16350993072
2,0,0,111.987470539
3,0,0,0.676776427554
4,6.84162979451,2.10428262022,16.2634810611
5,3.66735125622,1.10722378167,9.01061368811
6,0,0,1.37083326692
7,0,0,3.27427949499
8,0,0,1.37083326692
9,4.70453198326,1.15135363371,12.6700136768
10,0,0,2.79588789707
11,1.12749929413,0.183861267989,3.68175014092
12,0,0,0.407517086145
13,2.26650180942,0.127260351104,10.5139699689
14,0.544082911834,0.00666597025175,2.81654443493
15,0.0850767547576,0.00399045113816,1.55485842978
16,0.764166741322,0.0885617649768,7.31596878256
17,0,0,0.0579010808192
18,0,0,0.0636715784635
19,0,0,1.48159795326
20,0,0,0.0886228589844
21,7.71060742923,0.657950367547,34.3910815627
22,0,0,0.0978237761833
23,0.0479788724383,0.00590534210451,1.10679614074
24,0.829857326825,0.00898304386593,4.16687603892
25,1.66103414439,0.233425582922,5.80992548256
26,0.0969344955014,0.0126628071195,0.813117179554
27,0.851278777601,0.00358277407762,3.91186158278
28,0.0643735370332,0.00987476514406,0.440479416984
29,0.844797367427,0.0636057975617,4.17124029154
30,0.0529896263116,0.00919191235326,0.881041203541
31,0.0603338626624,0.0110119754503,0.428637767024
32,6.65878849585,2.17150366904,16.9310795082
33,0.1831690509,0.0244486790851,1.81668318229
34,0.0133336594115,0.000609604950983,0.231314944241
35,0.0982076340826,0.0204387994857,1.47919782864
36,0.601503121889,0.061708485872,2.75350308345
37,1.73393864444,0.254123415536,5.65442971792
38,0.135109067851,0.0085491565964,1.69974557874
39,0.119183718404,0.0173721121149,1.46645291631
40,0,0,111.987470539
41,0.474306617028,0.0133100780571,111.98748935
42,0,0,0.0402481864639
43,0.5282707106,0.0241197308531,111.987451254
44,0.0675463898125,0.0035909792478,111.987478117
45,0.53460200871,0.0196175785813,111.987502897
46,0,0,0.0244958228454
47,0,0,111.987470539
48,0,0,111.987470539
49,0,0,111.987470539
50,0,0,111.987470539
51,0,0,111.987470539
52,0,0,111.987470539
53,0,0,111.987470539
54,0,0,111.987470539
55,0,0,111.987470539
56,0,0,111.987470539
57,0,0,111.987470539
58,0,0,111.987470539
59,0,0,111.987470539
60,0,0,111.987470539
61,0,0,111.987470539
62,0,0,111.987470539
63,0,0,111.987470539
64,0,0,111.987470539
65,0,0,111.987470539
66,0,0,111.987470539
67,0,0,111.987470539
68,0,0,111.987470539