site,MLE,Lower,Upper
1,0.062358954277,0.0034091784665,0.443889711051
2,0,0,2495.17509846
3,0,0,1.41816020504
4,14.1016255211,4.34024267098,33.432518125
5,7.31816664084,2.20980857546,17.9885588356
6,0,0,2.87570451851
7,0,0,6.87477135457
8,0,0,2.87570451851
9,9.95674400368,2.44004350541,26.6938845241
10,0,0,5.86926126679
11,2.37956041372,0.390480458896,7.6776139234
12,0,0,0.854288585126
13,4.64938334195,0.261161480959,21.6808411423
14,0.560533605553,0.0252507612294,4.83424170264
15,0.574470518393,0.0323085826743,3.82072024241
16,4.9324390553,0.706300600189,20.8125345604
17,0,0,0.424451520969
18,0,0,0.530712575565
19,0,0,3.09009381338
20,0,0,0.71736153199
21,19.3101591489,2.91788512913,74.2543869484
22,0,0,1.61406948169
23,0.544265995249,0.0885955945368,3.06208402853
24,0.628352269433,0.0779408090986,6.21624087298
25,2.7639925384,0.340639945351,11.0675306416
26,0.809880050329,0.127860042955,2.8512924557
27,0.335732950156,0.0167320699215,5.58322332327
28,0.497225509015,0.0991867370848,1.66489821077
29,1.88030248491,0.418341541414,8.04749742808
30,0.595399701735,0.131236361403,2.64487644361
31,0.499835369633,0.112913014885,1.63315005862
32,12.9982466714,4.11332531044,33.0956330525
33,1.30932298949,0.275715770851,5.23039229182
34,0.161931637431,0.0084423898965,1.22599752951
35,1.0545357648,0.270814010054,4.08055424426
36,1.71004291554,0.40057416736,6.04030679044
37,0.601850893677,0.0733834029582,10.7691197249
38,0.825747327914,0.105176083038,4.45776039348
39,1.11094212069,0.234027903899,4.24274133859
40,0,0,2495.17509846
41,8.8110417984,0.247257520135,2495.17430153
42,0,0,0.747679525661
43,9.81354359171,0.448047770047,2495.17455928
44,1.25479045596,0.0667085952091,2495.17503785
45,9.93201849555,0.365424358305,2495.17506728
46,0,0,0.455051649183
47,0,0,2495.17509846
48,0,0,2495.17509846
49,0,0,2495.17509846
50,0,0,2495.17509846
51,0,0,2495.17509846
52,0,0,2495.17509846
53,0,0,2495.17509846
54,0,0,2495.17509846
55,0,0,2495.17509846
56,0,0,2495.17509846
57,0,0,2495.17509846
58,0,0,2495.17509846
59,0,0,2495.17509846
60,0,0,2495.17509846
61,0,0,2495.17509846
62,0,0,2495.17509846
63,0,0,2495.17509846
64,0,0,2495.17509846
65,0,0,2495.17509846
66,0,0,2495.17509846
67,0,0,2495.17509846
68,0,0,2495.17509846