site,MLE,Lower,Upper
1,1.50310385541,0.0848156767484,3.00024064077
2,0,0,3.00011860621
3,0,0,2.84115276734
4,3.00011704738,1.49836670717,3.00041805908
5,3.00011704738,1.47584739821,3.00041805908
6,0,0,2.84115281767
7,0,0,2.84115278433
8,0,0,2.84115281767
9,3.00011704738,1.06712862768,3.00041805908
10,0,0,2.84115278433
11,3.00011704738,0.505838337509,3.00041805908
12,0,0,0.0930963526042
13,1.50310385541,0.0855669377028,3.00024064077
14,1.50310385541,0.0848181542048,3.00024064077
15,0.0536632891992,0.00165894203371,2.90621613055
16,0.0536633688717,0.00165894204202,2.90621843313
17,0,0,0.0247080621079
18,0,0,0.0247080621079
19,0,0,2.84115278326
20,0,0,0.0247080621079
21,1.50310385541,0.0856063075149,3.00024064077
22,0,0,0.00232290112633
23,0.0536632880793,0.00203672236769,2.90621681643
24,1.62558918709,0.0921562534824,2.99999460178
25,3.00011704738,0.514112709107,3.00041805908
26,0.00430013564145,0.000162527617874,0.0993852464089
27,1.52519192698,0.0868619220377,3.00010634952
28,0.0181198929076,0.00137991048146,0.125523870593
29,1.62558918709,0.0925992142592,2.99999460178
30,0.0536633417988,0.00203672236953,2.90622233872
31,0.018119896073,0.00137991048133,0.125526682583
32,3.00011704738,1.78140011523,3.00011704738
33,0.053663396067,0.00203672237138,2.9062208723
34,0.0027870990951,0.000131303426081,0.0308061016386
35,0.0536633984898,0.00203672237147,2.90621554741
36,1.62558918709,0.0925992142592,2.99999460178
37,3.00011704738,0.507970327437,3.00041805908
38,0.0536632887125,0.00203672236772,2.90622227225
39,0.0536633984898,0.00203672237147,2.90621554741
40,0,0,0.00240790055253
41,0.999200319872,0.000139695154787,3.00019758218
42,0,0,0.00240790055253
43,0.999200319872,0.000139695154787,3.00019758218
44,0.999200319872,0.000139695154787,3.00019758218
45,0.999200319872,0.000139695154787,3.00019758218
46,0,0,0.00162215419424
47,0,0,3.00011860621
48,0,0,3.00011860621
49,0,0,3.00011860621
50,0,0,3.00011860621
51,0,0,3.00011860621
52,0,0,3.00011860621
53,0,0,3.00011860621
54,0,0,3.00011860621
55,0,0,3.00011860621
56,0,0,3.00011860621
57,0,0,3.00011860621
58,0,0,3.00011860621
59,0,0,3.00011860621
60,0,0,3.00011860621
61,0,0,3.00011860621
62,0,0,3.00011860621
63,0,0,3.00011860621
64,0,0,3.00011860621
65,0,0,3.00011860621
66,0,0,3.00011860621
67,0,0,3.00011860621
68,0,0,3.00011860621