site,MLE,Lower,Upper
1,0.339478041594,0.019136819261,1.6115597948
2,0,0,5140.69928582
3,0,0,1.73957664854
4,6.70676543203,2.05784206018,15.9869630759
5,4.94308698919,1.50867145443,11.9292779846
6,0,0,2.05290723158
7,0,0,3.41159564237
8,0,0,2.05290723158
9,4.3747669192,1.06754836581,11.8570995705
10,0,0,2.94236426836
11,1.75825807383,0.289264942363,5.60704175338
12,0,0,1.70541567963
13,1.29340602962,0.0730793856232,5.90144174953
14,0.606998871882,0.033183454259,3.29894053796
15,0.570259289065,0.0321775247754,2.81853994139
16,1.26248873125,0.0771711140932,5.20667829945
17,0,0,0.763065809195
18,0,0,0.62977834587
19,0,0,3.04756597781
20,0,0,2.95292887613
21,7.90102634101,1.24771765017,28.2266888114
22,0,0,0.70884201006
23,0.846316959674,0.135519892177,3.33282415867
24,0.768220386955,0.113866985262,3.72366586219
25,2.01603354049,0.456171234314,8.32126678013
26,0.81758954962,0.0624055708744,3.30510841242
27,0.55333528793,0.0298840909776,3.61866934656
28,0.717485393407,0.102586540611,2.90870471031
29,2.49293967444,0.608078429218,8.27639426062
30,0.801723179309,0.154204389434,2.83128929134
31,0.905921811584,0.138554905397,3.21728282868
32,9.21399627112,2.57907202673,22.067193506
33,1.68563849256,0.347201221684,6.06091780215
34,0.208480868916,0.0113244075744,1.18661368223
35,1.15850486599,0.242170121212,3.68084565516
36,4.08080424655,1.076088445,14.4494394504
37,0.835994743501,0.126612867193,4.51840481458
38,1.05111851943,0.173542180302,4.14692442378
39,1.1914505428,0.22457502735,3.83835040739
40,0,0,1.37006226323
41,2.4396651702,0.0423545403402,5140.6992976
42,0,0,1.03028096942
43,6.79252352958,0.202143416753,5140.69948858
44,0.429484774806,0.0224836741419,5140.69928323
45,7.48634912933,0.150149046347,5140.69874942
46,0,0,0.661481789599
47,0,0,5140.69928582
48,0,0,5140.69928582
49,0,0,5140.69928582
50,0,0,5140.69928582
51,0,0,5140.69928582
52,0,0,5140.69928582
53,0,0,5140.69928582
54,0,0,5140.69928582
55,0,0,5140.69928582
56,0,0,5140.69928582
57,0,0,5140.69928582
58,0,0,5140.69928582
59,0,0,5140.69928582
60,0,0,5140.69928582
61,0,0,5140.69928582
62,0,0,5140.69928582
63,0,0,5140.69928582
64,0,0,5140.69928582
65,0,0,5140.69928582
66,0,0,5140.69928582
67,0,0,5140.69928582
68,0,0,5140.69928582