site,MLE,Lower,Upper
1,0.219243171306,0.0123540129899,1.05309766446
2,0,0,3338.37859965
3,0,0,1.9443979522
4,4.41058979968,1.36046451969,10.4480135389
5,5.55365078994,1.69583207207,13.3831720873
6,0,0,1.49404849068
7,0,0,4.85698953604
8,0,0,1.49404849068
9,2.58254123277,0.629519082023,7.0837781775
10,0,0,1.81475847511
11,1.58277295484,0.260891731295,5.01065583595
12,0,0,1.70539187063
13,0.989122182006,0.0561038791142,4.46495750299
14,0.491564625808,0.0263030250743,3.13492442031
15,0.365553016311,0.0201360696536,1.95764772644
16,1.02657297197,0.0662431595807,4.61261409964
17,0,0,0.692506938216
18,0,0,0.531912520236
19,0,0,2.80473784201
20,0,0,1.10600582357
21,3.47643738395,0.488222051906,15.9793095697
22,0,0,0.908843473775
23,0.684770496127,0.111771266956,2.91572266325
24,0.601441882404,0.0860736712254,3.77858553671
25,1.81130309378,0.352602689844,8.52431846085
26,0.965591502551,0.103116864041,3.46482459378
27,0.431012776532,0.0229960778318,3.90782904481
28,0.604194526854,0.0836457726217,2.67833768171
29,2.24444121377,0.511782370069,8.00131304474
30,0.53968290729,0.0873162601555,2.42402826999
31,0.661421467914,0.095611862267,2.69409946518
32,10.1477942702,3.22688344628,23.3481307411
33,1.28916898918,0.218480570559,5.23669822673
34,0.182022393507,0.00986344652441,1.0567346179
35,0.691579486166,0.128265988809,2.44157476043
36,2.16695462016,0.528552309322,7.61996981039
37,0.627325641444,0.0929149162146,6.17070472246
38,0.836646635477,0.125401426792,3.90381321214
39,0.597037707844,0.0953846827099,2.30946977817
40,0,0,0.995139885542
41,1.60485917808,0.0443445104019,3338.37855893
42,0,0,0.326718546144
43,6.9966386365,0.112303447302,3338.3782828
44,0.211825596122,0.0107057392824,3338.37858881
45,8.58409510396,0.0877796616406,3338.37858922
46,0,0,0.675381812151
47,0,0,3338.37859965
48,0,0,3338.37859965
49,0,0,3338.37859965
50,0,0,3338.37859965
51,0,0,3338.37859965
52,0,0,3338.37859965
53,0,0,3338.37859965
54,0,0,3338.37859965
55,0,0,3338.37859965
56,0,0,3338.37859965
57,0,0,3338.37859965
58,0,0,3338.37859965
59,0,0,3338.37859965
60,0,0,3338.37859965
61,0,0,3338.37859965
62,0,0,3338.37859965
63,0,0,3338.37859965
64,0,0,3338.37859965
65,0,0,3338.37859965
66,0,0,3338.37859965
67,0,0,3338.37859965
68,0,0,3338.37859965