site,MLE,Lower,Upper
1,0.246977231553,0.0139674329633,1.15257874332
2,0,0,3648.60317575
3,0,0,1.67124009874
4,4.97874602693,1.53105821058,11.8180957232
5,4.96181013557,1.51455585437,11.9732200716
6,0,0,1.72484577116
7,0,0,3.78242327874
8,0,0,1.72484577116
9,3.2531763134,0.798179399637,8.73519643573
10,0,0,2.10968109587
11,1.53926729338,0.253324519007,4.90981236853
12,0,0,1.57507378202
13,0.920502166309,0.052223382422,4.15308432356
14,0.451239308932,0.024241900305,2.71101789271
15,0.430797999624,0.0242595243956,2.24260002432
16,1.18717464651,0.102713905279,4.77243034272
17,0,0,0.618890775849
18,0,0,0.47912451281
19,0,0,2.51394237166
20,0,0,1.72059293162
21,4.34394860844,0.705172930896,17.6490413375
22,0,0,0.62612154148
23,0.599992219811,0.0963932192495,2.47043140989
24,0.523780947581,0.0772757364587,2.8476902704
25,1.62868334143,0.329550575907,7.57482285072
26,0.688753604397,0.0649350075788,2.73315616774
27,0.423500163691,0.022820295343,3.10420248008
28,0.516438337539,0.0743248424259,2.28961901632
29,2.0383905623,0.442902508241,7.34662714286
30,0.603479334522,0.102776834087,2.47327261554
31,0.581340185807,0.0840661360151,2.41475603342
32,9.70356057831,2.96458278345,22.2465622531
33,1.20754788492,0.227750007563,4.86791254211
34,0.166543549644,0.00890915256922,1.04505703751
35,0.801723179309,0.156126569246,2.80945381054
36,2.62515436823,0.665137610734,10.1173974178
37,0.603905421135,0.0905432709069,4.07425140566
38,0.773983100479,0.124495245643,3.2429820964
39,0.768225809675,0.125238665889,2.82671094076
40,0,0,0.87171420812
41,0.939675065077,0.0224846629936,3648.60323709
42,0,0,0.520731716289
43,4.85388931252,0.141575348083,3648.60278878
44,0.306277346933,0.0157892528921,3648.60317003
45,5.59205797073,0.0858075150946,3648.60307635
46,0,0,0.441639633262
47,0,0,3648.60317575
48,0,0,3648.60317575
49,0,0,3648.60317575
50,0,0,3648.60317575
51,0,0,3648.60317575
52,0,0,3648.60317575
53,0,0,3648.60317575
54,0,0,3648.60317575
55,0,0,3648.60317575
56,0,0,3648.60317575
57,0,0,3648.60317575
58,0,0,3648.60317575
59,0,0,3648.60317575
60,0,0,3648.60317575
61,0,0,3648.60317575
62,0,0,3648.60317575
63,0,0,3648.60317575
64,0,0,3648.60317575
65,0,0,3648.60317575
66,0,0,3648.60317575
67,0,0,3648.60317575
68,0,0,3648.60317575