site,MLE,Lower,Upper
1,0.319340971873,0.0180127765843,1.51557637334
2,0,0,5027.12673448
3,0,0,2.16078558105
4,4.86443035025,1.50041217524,11.5147453554
5,6.10007575837,1.86368644613,14.6941885085
6,0,0,1.66030328185
7,0,0,5.39807955954
8,0,0,1.66030328185
9,2.86644785953,0.699804689961,7.81302440438
10,0,0,2.01659141015
11,1.75749748486,0.290012237235,5.55376162438
12,0,0,1.89370483014
13,1.09981066115,0.0624062016623,4.95614828398
14,0.649760362037,0.0355203155654,3.58057521417
15,0.48261617191,0.0269104655555,2.39046711526
16,1.25233788766,0.0790267628996,5.47948388563
17,0,0,0.957486953688
18,0,0,0.732663932019
19,0,0,3.11485153681
20,0,0,1.53366319628
21,4.36259516789,0.649949161734,17.7876893585
22,0,0,1.31500437662
23,0.962285796118,0.158894396402,3.76101847902
24,0.846911001818,0.12400145802,4.25577400352
25,2.10467177625,0.474082154722,8.76203169837
26,1.17800790549,0.11685804947,4.15354808409
27,0.587888849324,0.0317459128278,4.08836704364
28,0.795392573807,0.114377948417,3.24039839683
29,2.80545671464,0.680033939682,9.18374201987
30,0.768220386955,0.125838703142,3.08695613783
31,0.870816050531,0.129092071249,3.31105396721
32,10.9354154656,3.2956059498,25.8974201351
33,1.71980954092,0.29508986006,6.3923744846
34,0.258746793881,0.0141269776017,1.39975938391
35,0.92203738104,0.170900530375,3.04108393109
36,2.78862992482,0.71259245158,8.83682879396
37,0.887333845561,0.134224908722,5.4610902389
38,1.15391778352,0.176049186551,4.88932982541
39,0.789967134981,0.128363275821,2.84930439727
40,0,0,1.53657291076
41,2.47802328051,0.0684713105216,5027.12678457
42,0,0,0.504478380891
43,10.8033749246,0.173405096514,5027.12636476
44,0.327074795657,0.0165641862724,5027.12674051
45,13.2545276378,0.134211501414,5027.12670473
46,0,0,1.04284106087
47,0,0,5027.12673448
48,0,0,5027.12673448
49,0,0,5027.12673448
50,0,0,5027.12673448
51,0,0,5027.12673448
52,0,0,5027.12673448
53,0,0,5027.12673448
54,0,0,5027.12673448
55,0,0,5027.12673448
56,0,0,5027.12673448
57,0,0,5027.12673448
58,0,0,5027.12673448
59,0,0,5027.12673448
60,0,0,5027.12673448
61,0,0,5027.12673448
62,0,0,5027.12673448
63,0,0,5027.12673448
64,0,0,5027.12673448
65,0,0,5027.12673448
66,0,0,5027.12673448
67,0,0,5027.12673448
68,0,0,5027.12673448