site,MLE,Lower,Upper
1,0.187205833861,0.0105216994979,0.90965880122
2,0,0,2591.1417362
3,0,0,1.44386823327
4,5.58489214539,1.71189988101,13.3332221189
5,4.13659638623,1.26521581493,10.0135774187
6,0,0,1.70386865809
7,0,0,2.83148491466
8,0,0,1.70386865809
9,3.65263291285,0.890641931838,9.91923172201
10,0,0,2.44189005062
11,1.45727920747,0.239606252549,4.65977564235
12,0,0,1.4161196865
13,1.07267793824,0.0606259820715,4.90676528847
14,0.402462929271,0.0213852660463,2.6155543321
15,0.36999450529,0.0206625058672,2.06153590461
16,0.942426011919,0.0608987413688,3.93531740608
17,0,0,0.476813783116
18,0,0,0.395753611578
19,0,0,2.53037569393
20,0,0,1.82707982073
21,6.06313141116,0.900702415295,22.600965395
22,0,0,0.394096653398
23,0.488643401745,0.0767542518333,2.18302468572
24,0.444256483526,0.063725545751,2.90885484585
25,1.53190840708,0.282738331231,7.67061326282
26,0.580421423324,0.0466765823017,2.46229659696
27,0.325167174286,0.0172254006265,3.16609872294
28,0.465942952773,0.0628982304148,2.13361898473
29,1.74344306391,0.381712398428,6.56664140315
30,0.488643401745,0.0917160755612,2.00386155641
31,0.595325208267,0.088812432257,2.31274773505
32,7.93370660036,2.49952080446,18.3476820114
33,1.03715305227,0.206339832126,4.44864654269
34,0.120628070888,0.00645555347613,0.785499485515
35,0.714937513335,0.148360098695,2.59625890041
36,2.73657566095,0.639775547689,11.6485001277
37,0.480982464097,0.0708114569469,5.08561348306
38,0.609910814214,0.0988494481096,2.83779661762
39,0.753656123327,0.141662020295,2.71181259987
40,0,0,0.69454042875
41,1.23667915325,0.0213470535099,2591.14169905
42,0,0,0.522291290279
43,3.44340914311,0.102474712426,2591.14172398
44,0.21764619854,0.0114206543251,2591.14174471
45,3.79485865553,0.0757367175039,2591.14152511
46,0,0,0.335332266375
47,0,0,2591.1417362
48,0,0,2591.1417362
49,0,0,2591.1417362
50,0,0,2591.1417362
51,0,0,2591.1417362
52,0,0,2591.1417362
53,0,0,2591.1417362
54,0,0,2591.1417362
55,0,0,2591.1417362
56,0,0,2591.1417362
57,0,0,2591.1417362
58,0,0,2591.1417362
59,0,0,2591.1417362
60,0,0,2591.1417362
61,0,0,2591.1417362
62,0,0,2591.1417362
63,0,0,2591.1417362
64,0,0,2591.1417362
65,0,0,2591.1417362
66,0,0,2591.1417362
67,0,0,2591.1417362
68,0,0,2591.1417362