site,MLE,Lower,Upper
1,0.210696518819,0.0118999804623,0.994617687789
2,0,0,3958.8936171
3,0,0,1.62744544315
4,4.69482417491,1.44079554138,11.1860511461
5,5.89650358625,1.8024235111,14.2252576774
6,0,0,1.96337826041
7,0,0,5.3432852934
8,0,0,1.96337826041
9,3.63933436611,0.884191501976,10.0062663333
10,0,0,1.97349297704
11,1.64090814291,0.269445458584,5.26799006804
12,0,0,2.26635912907
13,1.1854378132,0.0669501138994,5.44335179304
14,0.415997715481,0.0208001347263,2.83858328687
15,0.484035766398,0.0275433427136,2.53911153907
16,1.09859909813,0.0820231360041,4.5569053545
17,0,0,0.601702775051
18,0,0,0.494422846677
19,0,0,1.92497400507
20,0,0,1.69889577184
21,4.0869256859,0.633824345671,16.5968433256
22,0,0,0.725252570477
23,0.543656537166,0.0808913286707,2.27366131618
24,0.48573069362,0.0694754391818,2.64654723755
25,1.74344306391,0.341286654905,6.48385853505
26,0.84536941831,0.0771848063073,3.68319860801
27,0.352261412943,0.0187311765324,2.79240850269
28,0.534574247831,0.0821924978939,2.27610586048
29,1.78836214197,0.394780253473,6.16824000478
30,0.555420823808,0.0978341780574,2.14369161108
31,0.550133376423,0.0838983662618,2.37687068956
32,9.98654794971,2.58723010833,25.9135328316
33,1.0431657078,0.216466023692,3.62744678846
34,0.189242344936,0.00988297793309,1.26650788288
35,0.891273091163,0.178015656216,3.13955787985
36,2.4605603981,0.657273368512,9.03558870209
37,0.545925935629,0.0756844495294,4.09250530227
38,0.682742748822,0.112120587827,2.60230537164
39,0.773983100479,0.120288407957,2.96730235314
40,0,0,1.33618965661
41,1.32793219329,0.0384541953412,3958.89352074
42,0,0,0.663659951885
43,15.2573265638,0.191252333725,3958.89230732
44,0.289774888198,0.0150874347493,3958.89360659
45,90.4285714286,0.124729207227,3958.8918485
46,0,0,0.83943960875
47,0,0,3958.8936171
48,0,0,3958.8936171
49,0,0,3958.8936171
50,0,0,3958.8936171
51,0,0,3958.8936171
52,0,0,3958.8936171
53,0,0,3958.8936171
54,0,0,3958.8936171
55,0,0,3958.8936171
56,0,0,3958.8936171
57,0,0,3958.8936171
58,0,0,3958.8936171
59,0,0,3958.8936171
60,0,0,3958.8936171
61,0,0,3958.8936171
62,0,0,3958.8936171
63,0,0,3958.8936171
64,0,0,3958.8936171
65,0,0,3958.8936171
66,0,0,3958.8936171
67,0,0,3958.8936171
68,0,0,3958.8936171