site,MLE,Lower,Upper
1,0.306093926417,0.0173085519925,1.43000307286
2,0,0,5956.60592653
3,0,0,1.82711733208
4,5.23834034096,1.60899377205,12.4575583814
5,6.46575605378,1.97461872051,15.621801005
6,0,0,2.20447171205
7,0,0,6.0003802687
8,0,0,2.20447171205
9,4.05323372083,0.987991557844,11.1122109251
10,0,0,2.21608130752
11,1.84660349975,0.303539029942,5.90523052993
12,0,0,2.5439664511
13,1.33208318879,0.0752824709905,6.0980791636
14,0.536014711101,0.0281013717442,3.24720144622
15,0.647203666297,0.0370236330693,3.13574823852
16,1.33462041443,0.0951883572921,5.4333619934
17,0,0,0.831807879842
18,0,0,0.679428037681
19,0,0,2.15800548543
20,0,0,2.347525016
21,5.25110285427,0.838729093599,19.3021666692
22,0,0,1.04901483074
23,0.751370939074,0.113930889918,2.94717367056
24,0.672194925672,0.0991202521107,3.19408734316
25,2.05223066687,0.435875518181,7.16155445159
26,1.04576900256,0.0946812472833,4.38677365852
27,0.475417008056,0.0256254612742,3.16502644717
28,0.756033708336,0.117785892217,2.95420124424
29,2.19873313726,0.513350744005,7.13791483649
30,0.776659696078,0.13843391929,2.73745189459
31,0.773983100479,0.119808457265,3.05885707433
32,9.89034974342,2.50265322821,27.7021298812
33,1.41412485024,0.292890722908,4.58308307203
34,0.265495001153,0.0140367390425,1.58262143745
35,1.21150137673,0.243796975468,3.95618991485
36,3.32198206156,0.922206086259,10.6975619211
37,0.743161868446,0.10776240279,4.37455303662
38,0.950118023197,0.156446900573,3.44311415791
39,1.03275234706,0.162909722267,3.72145207831
40,0,0,2.06893690941
41,2.05848859212,0.05954191858,5956.60593074
42,0,0,1.02760153233
43,203.8,0.297785068845,5956.60184389
44,0.448647370989,0.0234070338681,5956.60592398
45,203.8,0.183299414164,5956.60184389
46,0,0,1.29977624605
47,0,0,5956.60592653
48,0,0,5956.60592653
49,0,0,5956.60592653
50,0,0,5956.60592653
51,0,0,5956.60592653
52,0,0,5956.60592653
53,0,0,5956.60592653
54,0,0,5956.60592653
55,0,0,5956.60592653
56,0,0,5956.60592653
57,0,0,5956.60592653
58,0,0,5956.60592653
59,0,0,5956.60592653
60,0,0,5956.60592653
61,0,0,5956.60592653
62,0,0,5956.60592653
63,0,0,5956.60592653
64,0,0,5956.60592653
65,0,0,5956.60592653
66,0,0,5956.60592653
67,0,0,5956.60592653
68,0,0,5956.60592653