site,MLE,Lower,Upper
1,0.400673008378,0.0225452555775,2.00805254559
2,0,0,1778.74097868
3,0,0,5.19181141225
4,15.5677311361,4.64374475173,38.7322456052
5,13.4279207912,3.91761136645,41.3873749193
6,0,0,5.19181141225
7,0,0,5.19181141225
8,0,0,5.19181141225
9,9.44897008704,2.27514106132,29.333964578
10,0,0,5.19181141225
11,5.58261778672,0.916084970541,18.4807403612
12,0,0,0.190035824388
13,2.72908681698,0.154906072278,12.4364979751
14,0.87334644664,0.0488238156458,5.26110510974
15,1.39088940385,0.0749784101442,7.61194947751
16,1.39088940385,0.0749784101442,7.61194947751
17,0,0,1.67665268207
18,0,0,1.67665268207
19,0,0,5.19181141225
20,0,0,1.67665268207
21,3.23529862977,0.477790224519,12.7416669186
22,0,0,0.769197490109
23,1.74823445421,0.253073034117,7.91298201742
24,1.28233631979,0.19659407946,7.77564648583
25,2.1380968955,0.458111859571,15.5814113189
26,0.0928382338069,0.00484280066062,0.562440885681
27,0.60720160214,0.0336343893299,6.51873544276
28,0.220600557336,0.030749184706,0.902577037629
29,3.84060149997,0.711905227213,15.5440868822
30,1.74823445421,0.253073034117,7.91298201742
31,0.220600557336,0.030749184706,0.902577037629
32,20.2511946719,6.93635608849,46.7497319446
33,1.74823445421,0.253073034117,7.91298201742
34,0.556916461061,0.0307687104174,2.923105516
35,1.74823445421,0.253073034117,7.91298201742
36,3.84060121391,0.711905227202,15.5440868823
37,0.843241757253,0.134661702958,5.03858977554
38,1.74823445421,0.253073034117,7.91298201742
39,1.74823445421,0.253073034117,7.91298201742
40,0,0,0.986755819935
41,203.8,0.0696815725755,1778.75208946
42,0,0,0.986755819935
43,203.8,0.0696815725755,1778.75208946
44,203.8,0.0696815725755,1778.75208946
45,203.8,0.0696815725755,1778.75208946
46,0,0,0.664348222413
47,0,0,1778.74097868
48,0,0,1778.74097868
49,0,0,1778.74097868
50,0,0,1778.74097868
51,0,0,1778.74097868
52,0,0,1778.74097868
53,0,0,1778.74097868
54,0,0,1778.74097868
55,0,0,1778.74097868
56,0,0,1778.74097868
57,0,0,1778.74097868
58,0,0,1778.74097868
59,0,0,1778.74097868
60,0,0,1778.74097868
61,0,0,1778.74097868
62,0,0,1778.74097868
63,0,0,1778.74097868
64,0,0,1778.74097868
65,0,0,1778.74097868
66,0,0,1778.74097868
67,0,0,1778.74097868
68,0,0,1778.74097868