site,MLE,Lower,Upper
1,0,0,10000
2,0,0,10000
3,0,0,1.24689698628
4,0,0,0.767641108001
5,0.386912590432,0.0220249450458,1.72163140407
6,0,0,0.753862445712
7,1.77224145987,0.545047114643,4.19843230224
8,0.477140884187,0.0269271316833,2.21631960366
9,1.89086919154,0.666635348833,4.20885446839
10,2.17223915132,0.77001256762,4.78531952545
11,1.05909184306,0.26001430616,2.83080266087
12,2.81700981826,1.10324598232,5.87954368881
13,1.43929862542,0.439268158871,3.47850735068
14,0,0,0.563718044806
15,2.69082867018,0.667208541447,7.02772788215
16,1.45275015974,0.355073285184,3.95952109992
17,1.21127388653,0.199168614051,3.85505992237
18,0.727594457998,0.120019084546,2.29470987255
19,0.318574513334,0.0181342451507,1.41710376675
20,2.87001370155,0.881270587521,6.82545212893
21,0.385495227934,0.0219448206902,1.71515018484
22,0,0,1.55617293057
23,0,0,2.04817822312
24,0,0,0.753862445712
25,1.7982654424,0.439988309821,4.84415147479
26,1.0640315968,0.0605282659914,4.74213175569
27,0.385082784779,0.0219214020978,1.7132930666
28,1.21211787236,0.298515566746,3.21848706081
29,1.36898036762,0.225542249714,4.33093983413
30,0,0,1.55617293057
31,1.04995753489,0.174048973475,3.26916140761
32,0,0,1.66879233287
33,0.620109853831,0.102411640489,1.95069931521
34,6.00602173791,2.94020244257,10.9556538336
35,2.60599281619,0.927602539751,5.69664484902
36,0.57828623234,0.0328128465706,2.60461961755
37,0.596739741571,0.0339640030297,2.65245929908
38,0,0,0.967599656108
39,0.852740151925,0.0486123561859,3.78841815429
40,0,0,1.35986088403
41,0.493255931366,0.0286316685717,2.10863476305
42,0.408297540479,0.0232208765137,1.82322410336
43,0,0,1.24771913795
44,0.512113735869,0.0290816540708,2.30183481835
45,1.59130217449,0.390894872774,4.24257819831