site,MLE,Lower,Upper
1,0,0,10000
2,0,0,10000
3,0,0,1.22347337802
4,0,0,0.930596221848
5,0.3478114758,0.0197930842772,1.54950012022
6,0,0,0.679892545676
7,1.55059658803,0.475285968097,3.69524320222
8,0.487191441136,0.0274773148243,2.27613297361
9,1.78892440618,0.630106346323,3.98687458476
10,1.89484547297,0.670814659416,4.1833093817
11,1.04338258983,0.255878460768,2.79715860715
12,2.72423136853,1.06663719582,5.68962962701
13,1.4478197622,0.440878813759,3.50753673229
14,0,0,0.544656575279
15,2.20981702476,0.54735762649,5.78722897885
16,1.4502546837,0.353683360678,3.9730291732
17,1.23062046875,0.202434446274,3.91419945453
18,0.685749707952,0.11310751088,2.1642735284
19,0.30367583271,0.0172806718973,1.35244358385
20,2.84236491917,0.873179478703,6.75544954745
21,0.347772892136,0.0197913775244,1.54915267096
22,0,0,1.28077785526
23,0,0,2.59341583029
24,0,0,0.679892545676
25,1.87183620674,0.45796764547,5.04390900433
26,1.3408624981,0.0762148986968,5.97303466551
27,0.346931163555,0.0197436615092,1.54537957931
28,1.09379779679,0.269245642143,2.90689395987
29,1.32841153219,0.218840721749,4.19994282968
30,0,0,1.28077785526
31,1.23235722924,0.20403757293,3.84890446921
32,0,0,1.30411589601
33,0.597037707844,0.098637714411,1.88286301828
34,7.8108546842,3.83588929383,14.2436417821
35,3.07900913505,1.0883743933,6.80907250128
36,0.607280994926,0.0344606339187,2.73481126597
37,0.510640733631,0.0290471016638,2.27829085463
38,0,0,0.867393152296
39,0.669235876076,0.0380896103441,2.97760033217
40,0,0,1.33913382585
41,0.656137631506,0.0397257355018,2.67672348798
42,0.481351358947,0.0273119646406,2.16765412267
43,0,0,1.03952485114
44,0.553017723493,0.0313474799438,2.50016165733
45,1.41338504828,0.346777828307,3.79141763246