site,MLE,Lower,Upper
1,0,0,10000
2,0,0,10000
3,0,0,0.962949198888
4,0,0,0.922945987394
5,0.359379901432,0.0204460729675,1.60257631069
6,0,0,0.734443423371
7,1.69017769885,0.515009296387,4.05295472836
8,0.38402209411,0.0216434105898,1.79165178914
9,3.06153443758,1.10575058296,6.64058694628
10,2.18474233107,0.775817889947,4.79863623666
11,1.44281456506,0.350153145187,3.95031268983
12,2.50693702253,0.977100475851,5.27211371678
13,1.93134132895,0.582585128028,4.75919936315
14,0,0,0.553037509229
15,2.02644884138,0.50181088531,5.31703036307
16,1.24221942502,0.301399471923,3.41425926929
17,0.919377877497,0.149705944156,3.00803301609
18,1.18871152987,0.201116635988,3.61792797588
19,0.315915908925,0.0179752191938,1.40733024819
20,2.09707612813,0.641030184381,5.05083091005
21,0.358011788574,0.020369577009,1.59607664137
22,0,0,1.67070785765
23,0,0,1.91442343274
24,0,0,0.734443423371
25,1.39710544402,0.337270478909,3.88360888184
26,0.992718349731,0.0563757612637,4.44671842878
27,0.357810320956,0.020357991388,1.59520813307
28,1.18842263847,0.292213463116,3.17102540603
29,1.02553247482,0.168703272459,3.26010213574
30,0,0,1.67070785765
31,0.939257617271,0.155527866617,2.93252553192
32,0,0,2.25083078114
33,0.610465606427,0.100669830651,1.92987122535
34,6.37625012441,3.12943914382,11.6075918437
35,2.78990151058,1.00347433491,6.0467026796
36,0.421085600063,0.0237943966329,1.93365634116
37,0.494655302365,0.0280863306914,2.22182541065
38,0,0,0.929014703522
39,1.13916141801,0.0649022074858,5.06875015042
40,0,0,0.971994974693
41,0.671071639796,0.0413149524914,2.70389809821
42,0.48119406859,0.0272807702789,2.17428571899
43,0,0,0.975130147649
44,0.611478742139,0.0345892928942,2.7899087634
45,1.57058326417,0.384253198133,4.23868442818