site,MLE,Lower,Upper
1,0,0,10000
2,0,0,10000
3,0,0,1.02872261262
4,0,0,0.98500151058
5,0.383789034145,0.0218411965617,1.70929306777
6,0,0,0.78413227154
7,1.78262685486,0.544773670871,4.26379384869
8,0.411768922384,0.0232178124654,1.90692715832
9,3.24436418945,1.16869359268,7.0227554703
10,2.3139718705,0.822453271742,5.08247122149
11,1.53283852882,0.373127923908,4.17705811217
12,2.65037147813,1.03437072759,5.5617957129
13,2.05223066687,0.620011573947,5.02439868847
14,0,0,0.590532640872
15,2.17412005655,0.538505267931,5.69932249085
16,1.3246389488,0.32280952859,3.62296798924
17,0.976528630542,0.159358506739,3.17620808551
18,1.25482075091,0.211544833474,3.82859796665
19,0.334495702077,0.0190236369825,1.48812277707
20,2.2315001882,0.682295593519,5.34810638293
21,0.382373468096,0.0217619981649,1.70254545963
22,0,0,1.78406208815
23,0,0,2.04389249755
24,0,0,0.78413227154
25,1.48030435365,0.358914282386,4.09202975907
26,1.05965681261,0.0602025545976,4.7404403002
27,0.382175925462,0.0217506064014,1.70170889177
28,1.2667490941,0.311869622237,3.36842872828
29,1.09289258923,0.179937425297,3.46515477456
30,0,0,1.78406208815
31,0.99792293352,0.165307988321,3.11226454348
32,0,0,2.40426359279
33,0.650789605192,0.107402982014,2.0515084297
34,6.69526797947,3.2886290436,12.1726320744
35,2.9358933949,1.05447210991,6.36616553001
36,0.449403276593,0.0254045825831,2.05410430444
37,0.528010976947,0.029995475572,2.36691876545
38,0,0,0.991575056025
39,1.21664234424,0.0692667200902,5.40667840215
40,0,0,1.03782505983
41,0.700495420644,0.0425346529541,2.85328883252
42,0.513534944067,0.0291323775843,2.31467854818
43,0,0,1.04170128352
44,0.656704213829,0.0371852890753,2.98400513037
45,1.67181617487,0.409948958477,4.49552733523