site,MLE,Lower,Upper
1,0,0,9699.00930944
2,0,0,9699.00930944
3,0,0,1.01901601934
4,0,0,1.01901601934
5,0.536197696224,0.030566262524,2.37366197767
6,0,0,1.01901601934
7,2.55672910005,0.787447062198,6.03351028181
8,0.548998284898,0.0312284252081,2.45239434165
9,0.10415130634,0.0344024480149,0.270722727955
10,2.99657538764,1.06671962787,6.55369499158
11,0.062641219796,0.0145584452628,0.189960278369
12,3.70093491731,1.45524818626,7.65949421769
13,0.0960962381156,0.0264859968898,0.289463513037
14,0,0,1.01901601934
15,1.67543219073,0.414673322694,4.40227327247
16,1.64600044404,0.407749105986,4.31346671876
17,1.01764728077,0.140874137627,3.42565120359
18,0.0348913578174,0.00563147715709,0.117518455792
19,0.571155254944,0.0325345366503,2.53228868312
20,2.40915673737,0.742200119835,5.71458306569
21,0.533336813579,0.0304038209004,2.36073651472
22,0,0,1.01901601934
23,0,0,1.01901601934
24,0,0,1.01901601934
25,1.69931146469,0.420596613712,4.45496753775
26,0.533338273715,0.0304039038465,2.36074307362
27,0.533338838933,0.0304039376061,2.36074574149
28,1.70603043652,0.422416058664,4.47554471347
29,1.11578801927,0.185000542274,3.47535072869
30,0,0,1.01901601934
31,1.19675343842,0.198217310934,3.73364811516
32,0,0,1.01901601934
33,1.09991981083,0.182318317505,3.43011782336
34,6.96671597236,3.4270028378,12.6053666642
35,3.01464386468,1.07251595524,6.58275036449
36,0.539506665238,0.0307539644465,2.38859569317
37,0.551615376768,0.0314392040345,2.44356394329
38,0,0,1.01901601934
39,0.539506694124,0.0307539644256,2.38854074251
40,0,0,1.01901601934
41,0.571155254944,0.0325345366503,2.53228868312
42,0.533337272582,0.0304038478006,2.36073864101
43,0,0,1.01901601934
44,0.539481389311,0.0307524986406,2.38843562998
45,1.62679302593,0.402825673096,4.25628364562