site,MLE,Lower,Upper
1,0,0,10000
2,0,0,10000
3,0,0,1.31385975692
4,0,0,0.808647297745
5,0.407651341858,0.0232087029523,1.8128286023
6,0,0,0.794120569181
7,1.85678575892,0.571238368882,4.39326396945
8,0.503995100865,0.0284658756699,2.32945812692
9,1.98631983455,0.701180786104,4.41880476897
10,2.28012157948,0.808806754809,5.01716711883
11,1.11282257253,0.273519902843,2.96894880371
12,2.94478310911,1.15244284264,6.13657193872
13,1.51543165593,0.462100586417,3.64786792175
14,0,0,0.593864132936
15,2.82878144806,0.70145953667,7.38665032916
16,1.53283852882,0.374985046036,4.15821159555
17,1.2710904094,0.209270735962,4.04127859494
18,0.766194816726,0.12643850241,2.41489431934
19,0.33393159252,0.0190152040991,1.48512609271
20,3.0172240317,0.92729108258,7.16598516155
21,0.406150426989,0.0231238241211,1.80593655827
22,0,0,1.63921910237
23,0,0,2.15765433371
24,0,0,0.794120569181
25,1.89135993162,0.463355876462,5.08400508867
26,1.12086455993,0.0637717605256,4.99250976824
27,0.405757413548,0.0231014926558,1.80421488221
28,1.27490088395,0.314425714751,3.38259718649
29,1.43929862542,0.237328767807,4.54865019661
30,0,0,1.63921910237
31,1.10312113863,0.182890755632,3.43313393041
32,0,0,1.75825339798
33,0.652884073184,0.107895839571,2.05165730755
34,6.2684703385,3.07219590474,11.419263431
35,2.72860167931,0.971422894514,5.96048572253
36,0.60911468528,0.0345728354465,2.74003541633
37,0.628486358931,0.0357852181191,2.79288790085
38,0,0,1.01918013657
39,0.898861617435,0.0511977573046,3.98865337366
40,0,0,1.43256904296
41,0.51405472469,0.0297730418642,2.20483472968
42,0.430252686968,0.0244742071657,1.91969147649
43,0,0,1.31469085003
44,0.541562832485,0.0307630545577,2.43100856103
45,1.67543219073,0.411730450913,4.45716407085