site,MLE,Lower,Upper
1,0,0,10000
2,0,0,10000
3,0,0,1.32795412077
4,0,0,1.0096041848
5,0.377460117302,0.021483592472,1.6804459952
6,0,0,0.737764004303
7,1.67543219073,0.513905694559,3.98639999893
8,0.530254252447,0.0299230811838,2.46349768429
9,1.93758484953,0.682911367839,4.31173284428
10,2.05223066687,0.726652394371,4.52292493768
11,1.12988240728,0.277310824702,3.02329511078
12,2.93077443632,1.14784717856,6.11722069921
13,1.56719673541,0.477770579435,3.7874587311
14,0,0,0.591057317747
15,2.39026400181,0.592047866844,6.25887249324
16,1.57463098423,0.385154027931,4.29568885329
17,1.33282423556,0.219370548691,4.23224909886
18,0.743161868446,0.122725736856,2.3460917726
19,0.32820315086,0.0186821457203,1.46123644494
20,3.07763071789,0.945962050002,7.30554762423
21,0.377427546586,0.0214822728986,1.6801492676
22,0,0,1.38984790609
23,0,0,2.81432641421
24,0,0,0.737764004303
25,2.02810648483,0.496822661572,5.45330715879
26,1.4541656586,0.0827146742435,6.47806236031
27,0.376529532025,0.021431322571,1.67613578489
28,1.1854378132,0.292200742514,3.14640156614
29,1.43929862542,0.237227006232,4.54478120618
30,0,0,1.38984790609
31,1.33462041443,0.221076490282,4.16656073285
32,0,0,1.41530595334
33,0.647954358555,0.107023911891,2.03915793784
34,8.39860720852,4.12595798878,15.2992262253
35,3.32615153382,1.17675140131,7.3464229897
36,0.659408391943,0.0374002887498,2.96351682691
37,0.554140684634,0.0315274192073,2.47045609062
38,0,0,0.941091445366
39,0.726333358103,0.0413272509889,3.22895122048
40,0,0,1.45318229633
41,0.702793782967,0.0422964915721,2.88549821637
42,0.522168781872,0.0296367996735,2.34872508798
43,0,0,1.12830337963
44,0.60105343889,0.0340834015721,2.71301139672
45,1.53283852882,0.376082036498,4.10119456959