site,MLE,Lower,Upper
1,0,0,10000
2,0,0,10000
3,0,0,0.225926764166
4,0,0,2.1038525829
5,0.153259497878,0.00869493016009,0.691281317175
6,0,0,0.447307367344
7,0.731378726707,0.222684866645,1.75696930205
8,0.292085569315,0.0164178659434,1.37712546663
9,0.509980395323,0.179769237818,1.13625604603
10,1.15669733111,0.405262385176,2.61056592775
11,0.482409917901,0.116271924652,1.33773727896
12,1.80010992236,0.698861036541,3.81048410175
13,0.688628993144,0.204240331982,1.74646298498
14,0,0,0.388482470903
15,2.03848790517,0.503979555709,5.37729650539
16,0.893249522529,0.215672135115,2.49687981157
17,0.69449749879,0.11231284897,2.29419239305
18,0.191502482591,0.0316071758917,0.60344612401
19,0.220371008388,0.0125194421034,0.9868930583
20,1.54506170872,0.469574870972,3.74607252608
21,0.152170819318,0.00863397880802,0.686103616578
22,0,0,3.08373896552
23,0,0,0.501965699032
24,0,0,0.447307367344
25,1.0712881351,0.256075579404,3.02048339262
26,0.261659397895,0.01483866502,1.18115205003
27,0.152707333337,0.00866402736497,0.688657085649
28,0.734848799827,0.180183613447,1.96890344421
29,0.736467447606,0.120932231024,2.35051393726
30,0,0,3.08373896552
31,1.40087481876,0.232473760511,4.35828865328
32,0,0,1.41987471284
33,0.430653130155,0.070836932488,1.36904867338
34,10.807493222,5.57915957554,19.1149868687
35,4.45057298361,1.59242538263,9.65112768205
36,0.330950211086,0.0186115927541,1.53650603602
37,1.44776248,0.0821795612285,6.46720214174
38,0,0,0.978236931131
39,0.719364557956,0.040899740854,3.20592989538
40,0,0,0.703240566849
41,1.9116613513,0.312816480095,6.13282382494
42,0.990462325118,0.0561444556195,4.46521234708
43,0,0,0.558046252613
44,1.29340602962,0.0732118100246,5.83939110762
45,2.07668076591,0.635200428972,4.96784306125