site,MLE,Lower,Upper
1,0,0,10000
2,0,0,10000
3,0,0,1.113549389
4,0,0,0.775537801879
5,0.426157459418,0.0242695192662,1.89292045495
6,0,0,1.0161373787
7,1.85769811585,0.570341436487,4.4133781964
8,0.516396600181,0.0292159754436,2.36421795074
9,1.95806255196,0.689455583406,4.36585132843
10,2.76971808991,0.981239910468,6.10327579787
11,1.16238497548,0.284187484159,3.1403426041
12,3.00900124429,1.17991771264,6.26370646807
13,1.60605087347,0.486633639339,3.93826986669
14,0,0,0.618565605719
15,1.97454563414,0.489610961549,5.17668620139
16,1.51162925585,0.37075222416,4.06887532503
17,1.27549173879,0.21022804356,4.05057925369
18,0.749711912668,0.123588684428,2.36675860366
19,0.349548875633,0.0199034660626,1.55306149268
20,2.96479323576,0.909996430118,7.05592530958
21,0.426252600774,0.0242756105515,1.89319870954
22,0,0,2.28821542356
23,0,0,1.30927201372
24,0,0,1.0161373787
25,1.86931214627,0.458247809281,5.01939261706
26,0.683185261107,0.0389109117482,3.0328028241
27,0.424710525057,0.0242004167298,1.88724797708
28,1.60187213446,0.395011897809,4.25407102538
29,1.4091035664,0.232518621919,4.43978417004
30,0,0,2.28821542356
31,0.87972073474,0.146077992744,2.73068970921
32,0,0,2.03425772255
33,0.689021641236,0.113915208681,2.16263676206
34,5.30227299046,2.65616064734,9.48594708137
35,2.24974363603,0.799020469301,4.92616361519
36,0.612896947784,0.0347986923876,2.75596411314
37,0.527205499841,0.0299069358188,2.37308148433
38,0,0,0.90694429041
39,1.03080939628,0.0586979576506,4.57718606661
40,0,0,1.38091707256
41,0.445462453182,0.0254565372664,1.96114364392
42,0.410129417994,0.0233261686057,1.82956440914
43,0,0,1.59513416553
44,0.563577420733,0.0319854432448,2.53825547744
45,1.49966320134,0.369315641069,3.97369533338