site,MLE,Lower,Upper
1,0,0,10000
2,0,0,10000
3,0,0,1.07641566549
4,0,0,0.74985886377
5,0.411979281422,0.0234591740598,1.83096171134
6,0,0,0.982552680256
7,1.80414498615,0.553423423039,4.29278201609
8,0.498336027607,0.0281955310705,2.29161664664
9,1.89688501934,0.667622547127,4.23591460313
10,2.68531608637,0.95119491404,5.92426215543
11,1.12749929413,0.275346936129,3.05320882624
12,2.93316387942,1.14978445416,6.1107386838
13,1.55944308118,0.471383559478,3.8329394171
14,0,0,0.598025297189
15,1.89988457046,0.470549999679,4.9781074019
16,1.45989575148,0.357697639255,3.94500288809
17,1.23667915325,0.203753555287,3.93473030153
18,0.725081625505,0.119510089393,2.29121294243
19,0.339932919397,0.0193411813043,1.50996101962
20,2.87357948321,0.881423821594,6.84933680985
21,0.412056556396,0.0234642167255,1.83108295346
22,0,0,2.21253182512
23,0,0,1.26574502433
24,0,0,0.982552680256
25,1.81046819807,0.443449870703,4.87217162175
26,0.660968172508,0.0376120792183,2.93333728158
27,0.410773544965,0.0233913585476,1.82535511029
28,1.55229480118,0.381987498252,4.12377832139
29,1.36490293929,0.225120927229,4.30601984564
30,0,0,2.21253182512
31,0.852740151925,0.141712417258,2.64922620279
32,0,0,1.96656417219
33,0.665826974912,0.110052239378,2.09279081583
34,5.19233367509,2.60170208604,9.29145295371
35,2.19385339156,0.779201577395,4.80557666915
36,0.592578583799,0.0336372543945,2.66819440867
37,0.510172296815,0.0289311721139,2.2989150575
38,0,0,0.876958422638
39,0.997306324018,0.05678632486,4.42939508082
40,0,0,1.33516759846
41,0.433140386984,0.0247640093155,1.90525708786
42,0.39636433424,0.0225415312811,1.76978333728
43,0,0,1.54201825046
44,0.542121487932,0.0307572749114,2.44527815129
45,1.45175802933,0.357323953248,3.85170960637