site,MLE,Lower,Upper
1,0,0,10000
2,0,0,10000
3,0,0,0.389530666208
4,0,0,3.62692419945
5,0.264210145274,0.0149915347216,1.19102252638
6,0,0,0.771141440718
7,1.25770568904,0.383442671569,3.02071186053
8,0.505101490352,0.0283652080023,2.37550456129
9,0.878428842742,0.30966135203,1.95525887599
10,1.99298547879,0.697960078277,4.49077770751
11,0.829857326825,0.200207907318,2.29935766841
12,3.08554571046,1.19844224212,6.52633310711
13,1.18315660567,0.351403331136,2.99674800398
14,0,0,0.669764956234
15,3.526485504,0.872009811591,9.29550672758
16,1.54107364896,0.372465990576,4.29936114134
17,1.19407536985,0.193339553287,3.94207478307
18,0.3299614491,0.0544605161962,1.0392530829
19,0.379236339024,0.0215468254647,1.69777323891
20,2.6589262145,0.80848162504,6.44023198466
21,0.262334085058,0.0148864570751,1.18211707979
22,0,0,5.31668709755
23,0,0,0.865350416179
24,0,0,0.771141440718
25,1.84329530235,0.440981107999,5.18721528696
26,0.451256998181,0.0255838910944,2.03502491036
27,0.263278752534,0.0149393739801,1.18660332227
28,1.26617731032,0.310718050114,3.38919021132
29,1.26822167279,0.208350346997,4.04519041764
30,0,0,5.31668709755
31,2.40915673737,0.400422410875,7.5056272955
32,0,0,2.44811820285
33,0.742003306221,0.122041574169,2.3556787106
34,18.5796060928,9.60122683874,32.8363571213
35,7.63643346175,2.73194803875,16.5615844777
36,0.570259289065,0.0320855439909,2.6451366646
37,2.49684287708,0.141729497236,11.1525320663
38,0,0,1.68652536968
39,1.23667915325,0.0704830648227,5.52364453507
40,0,0,1.21235713766
41,3.30975426315,0.540774038178,10.5891607787
42,1.70346330683,0.0965704968275,7.67731414542
43,0,0,0.962034559562
44,2.22889181215,0.126350852389,10.0703920011
45,3.57676945158,1.09427597848,8.5528917499