site,MLE,Lower,Upper
1,0,0,2.88827449957
2,0,0,2.45937043016
3,3.21702837358,0.500306216346,15.3712179436
4,0,0,0.406281498666
5,0,0,0.249442759951
6,0,0,0.244930567783
7,0,0,0.357639928377
8,0,0,0.2241993828
9,0,0,0.665693587844
10,0.12526003361,0.00714051216596,0.554178756161
11,0,0,0.442080115389
12,0.187638157121,0.0106789591844,0.835157297933
13,0.193102943146,0.010989711898,0.859487530285
14,0,0,0.2241993828
15,0.31781639977,0.078744557802,0.831003087239
16,0,0,0.239554794405
17,0.171639311021,0.00976913503613,0.763904149959
18,0,0,0.505388250857
19,0,0,0.207160875177
20,0.461330930845,0.142287465568,1.08672139537
21,0.229589630018,0.0130844137465,1.01672171448
22,0.228289774898,0.012997066731,1.01284161343
23,0.381583454834,0.094476368488,0.999278636532
24,0.109726385068,0.00624812503975,0.48742423696
25,0.229820223447,0.0130939682885,1.0175307509
26,0.230667532576,0.0131421390619,1.02174914894
27,0,0,0.373746355414
28,0.532175415055,0.164389645704,1.24985181757
29,0.283460814036,0.0161653816997,1.25210954555
30,0,0,0.543241701491
31,1.12309258929,0.479590880777,2.19588555104
32,0.60986221919,0.216624961807,1.33486039278
33,0,0,10000
34,0,0,10000
35,0,0,10000
36,2.35597745658,1.07179967959,4.42753581588
37,1.25241969032,0.596915811538,2.28502728561
38,0.463223994016,0.114776061891,1.21053875507
39,1.0105788318,0.361159823757,2.18791165282
40,4.56807291205,2.77063655202,7.20924135815
41,0.20125426627,0.0114655758207,0.892507547784
42,58.8407369339,0.781288062559,10000
43,0,0,6.58662538401