site,MLE,Lower,Upper
1,0,0,0.142050811249
2,0,0,1.98296376666
3,0.60105343889,0.091338175752,3.60399515457
4,0,0,0.0155000129564
5,0,0,0.143896948293
6,0,0,0.0306093413332
7,0,0,0.0429091733016
8,0,0,0.0120618501648
9,0,0,0.0343336909588
10,0.0104385505243,0.000594052246831,0.0464770763875
11,0,0,0.0481191134379
12,0.0224022396239,0.00126882990882,0.101453685212
13,0.0230814118333,0.00130723426872,0.104536518108
14,0,0,0.0120618501648
15,0.0466464125231,0.0115375070204,0.122581440442
16,0,0,0.0199986008673
17,0.0209311583421,0.00118698315283,0.0943964333101
18,0,0,0.211333527014
19,0,0,0.0194168522843
20,0.0453557166628,0.0138020011962,0.109737840461
21,0.0250739871815,0.00142665766961,0.111689275803
22,0.0251259625506,0.00142929530087,0.112019873722
23,0.0488364126684,0.0120544329069,0.128739986694
24,0.010244435704,0.000580842147152,0.0462370456685
25,0.0251293614287,0.00142972349188,0.111962030085
26,0.0253654836185,0.00144276850519,0.113107895556
27,0,0,0.188003290586
28,0.292164530939,0.0898644708224,0.690984008113
29,0.051592317283,0.00294070708655,0.228295713486
30,0,0,0.097438543765
31,0.341639524567,0.145606315196,0.669102656564
32,0.0366978709569,0.0130676194312,0.0801942565089
33,0,0,2574.53355631
34,0,0,2574.53355631
35,0,0,2574.53355631
36,0.413816249755,0.186416922252,0.787968181921
37,0.128607240174,0.0607061348552,0.239244053179
38,0.136370420645,0.0338027638976,0.356039810801
39,0.342803083933,0.126800461003,0.726384311911
40,0.666702202194,0.415117869203,1.03060497505
41,0.0591178017197,0.00336851556015,0.261905704189
42,18.7636137778,0.773404259877,2574.53337271
43,0,0,1.42380983949