site,MLE,Lower,Upper
1,0,0,3.05511835334
2,0,0,3.14166297071
3,3.04510982829,0.475493021568,14.3688670308
4,0,0,0.411585233731
5,0,0,0.311584335283
6,0,0,0.228125364608
7,0,0,0.38882064097
8,0,0,0.217563147806
9,0,0,0.870519324253
10,0.116521107288,0.00664140923122,0.515784839851
11,0,0,0.449501083242
12,0.203065654669,0.0115574325179,0.903684055436
13,0.205734969701,0.0117098664188,0.915437808953
14,0,0,0.217563147806
15,0.314361020709,0.077898504258,0.822486403347
16,0,0,0.223281844226
17,0.182715396472,0.0103981337386,0.813678153825
18,0,0,0.429894223751
19,0,0,0.214119984864
20,0.475414207911,0.146471224195,1.12211324992
21,0.233111663476,0.0132752815256,1.03252251213
22,0.230468177852,0.0131255324125,1.0231122091
23,0.357827605383,0.0885707590718,0.937619595188
24,0.112472076827,0.00640262422322,0.500138207654
25,0.233111663476,0.013289360173,1.0335685994
26,0.235634744457,0.0134252083413,1.04445726611
27,0,0,0.326581635373
28,0.659871050574,0.203091489176,1.56052832087
29,0.228818578497,0.0130389697618,1.0120459558
30,0,0,0.438131702058
31,1.38769562215,0.59100046492,2.72547113939
32,0.600402557274,0.213196742492,1.3149832402
33,0,0,10000
34,0,0,10000
35,0,0,10000
36,1.90498453027,0.865759927266,3.58502605453
37,1.17543496492,0.55983727917,2.14636351128
38,0.596595536142,0.147439926956,1.56518905007
39,1.08775771825,0.38901272836,2.35498839485
40,4.96040851053,3.0259967422,7.75256813266
41,0.262459186049,0.0149333419246,1.16930423167
42,59.4357015266,1.15759778348,10000
43,0,0,8.99585022972