site,MLE,Lower,Upper
1,0,0,6.7050421679
2,0,0,6.65056365476
3,6.38159821972,0.995411657939,30.7120418714
4,0,0,1.02968757684
5,0,0,0.779320461547
6,0,0,0.570640726386
7,0,0,0.972507098281
8,0,0,0.544158625653
9,0,0,2.17756558602
10,0.291492008033,0.0166156048928,1.28991245839
11,0,0,1.1244159792
12,0.507726097743,0.0289186883767,2.25958776777
13,0.514366312974,0.0292808754475,2.28733824605
14,0,0,0.544158625653
15,0.783815186991,0.194166109956,2.04840294937
16,0,0,0.558553461326
17,0.458071442112,0.0260721561727,2.038727977
18,0,0,1.0753676565
19,0,0,0.535558530929
20,1.18315660567,0.364863354138,2.7914587277
21,0.582783990825,0.0332090232942,2.58183672654
22,0.577682478031,0.0328892316094,2.56134227442
23,0.896037463771,0.22184939826,2.34640113614
24,0.281240345214,0.016012336187,1.24991281468
25,0.583492407741,0.0332498244664,2.58488648887
26,0.58991578317,0.0336138104617,2.61379151118
27,0,0,0.816934941469
28,1.64961238824,0.50770602574,3.89279698976
29,0.572935924256,0.0326146181682,2.53064903381
30,0,0,1.09602332757
31,3.47828566482,1.48197214473,6.82601275592
32,1.49931178297,0.532803490961,3.27887558552
33,0,0,10000
34,0,0,10000
35,0,0,10000
36,4.73373058482,2.1510700148,8.90673536565
37,2.90737831888,1.38683804976,5.30806837496
38,1.49029043915,0.368652429395,3.90963412153
39,2.7041976741,0.967029004548,5.8538237721
40,11.7940701236,7.19928061029,18.4057077647
41,0.648694448134,0.0369340209701,2.8892582743
42,152.66209523,2.98859061982,10000
43,0,0,23.1061009044