site,MLE,Lower,Upper
1,0,0,0.475156708701
2,0,0,0.682915852027
3,0.652884073184,0.100481492732,3.763910716
4,0,0,0.0619466182385
5,0,0,0.0590046974998
6,0,0,0.0470706524777
7,0,0,0.051176322422
8,0,0,0.0610849646217
9,0,0,0.122639217312
10,0.0229649302309,0.00130895749086,0.101647435657
11,0,0,0.0623193268441
12,0.0270931244226,0.0015391616689,0.121424244774
13,0.0278274355135,0.00158093066593,0.124689478789
14,0,0,0.0610849646217
15,0.0617795546912,0.0153080767546,0.161670631047
16,0,0,0.0439505470078
17,0.0259168981349,0.00147323470355,0.115899096377
18,0,0,0.107181360416
19,0,0,0.054048050649
20,0.115931649229,0.0356193562437,0.275261539532
21,0.032506090153,0.00185188665371,0.144135185413
22,0.0327115364503,0.00186245416908,0.145361439858
23,0.0733046792538,0.0181396847952,0.19219575989
24,0.0283305621901,0.00161086337827,0.126529503817
25,0.0325268919589,0.00185301184326,0.144244154634
26,0.032605402073,0.00185719894541,0.14466963336
27,0,0,0.0608054856148
28,0.125573452362,0.0386402401597,0.297248962432
29,0.0753221721497,0.00429558864707,0.332698841563
30,0,0,0.144672779844
31,0.214873932988,0.0914555788419,0.422587164463
32,0.181281628383,0.0646661026408,0.394076201651
33,0,0,5164.6221556
34,0,0,5164.6221556
35,0,0,5164.6221556
36,0.607564736792,0.276629771221,1.14427744204
37,0.238218699203,0.113675101536,0.434882460828
38,0.0893872272263,0.0221106185972,0.234815509358
39,0.203438121615,0.0726984259999,0.440712299622
40,0.989707919309,0.591210569735,1.57900957547
41,0.038497134945,0.00219022535989,0.171605347986
42,21.0600468567,0.179140167639,5164.62213395
43,0,0,1.64023135305