site,MLE,Lower,Upper
1,0,0,5.84511953467
2,0,0,5.57575307548
3,6.99442778612,1.11206285944,27.1263963607
4,0,0,0.930518992995
5,0,0,0.646558344762
6,0,0,0.846596027705
7,0,0,0.972151163756
8,0,0,0.590361622169
9,0,0,1.0929468805
10,0.354664719387,0.0202222349558,1.56781305197
11,0,0,1.15144424683
12,0.506589508835,0.0288263397799,2.25135757137
13,0.524671980608,0.0298744116133,2.33135430775
14,0,0,0.590361622169
15,0.929341631248,0.230508080957,2.42631716299
16,0,0,0.679427357034
17,0.464582211476,0.0264701905282,2.06643409487
18,0,0,1.90682688011
19,0,0,0.584075451704
20,1.30028753145,0.399808685974,3.07914649952
21,0.599160134108,0.0341386811568,2.65344095749
22,0.598203510901,0.0340920748425,2.65295786293
23,1.30329749426,0.322387244503,3.41253816233
24,0.308067107781,0.0175269761484,1.37293393207
25,0.600012477388,0.0341922050167,2.65777016389
26,0.601667186721,0.034283350362,2.66594880503
27,0,0,0.863705322311
28,1.37779582053,0.425717122776,3.23360785417
29,0.889804781093,0.0507429249927,3.93068832446
30,0,0,1.69857595211
31,1.81465040529,0.774409480467,3.5521404512
32,1.64403219192,0.583924168386,3.59913381492
33,0,0,10000
34,0,0,10000
35,0,0,10000
36,7.15183043802,3.26592560515,13.3964831448
37,3.43328845179,1.64074921847,6.25327352136
38,0.729323891535,0.180691224025,1.90727191052
39,1.98629606007,0.707364130786,4.31067819706
40,10.2377451287,5.98202789699,17.038401777
41,0.312552515805,0.0178042969454,1.38673956506
42,257.084890425,4.14579111952,10000
43,0,0,10.9380953257