site,MLE,Lower,Upper
1,0,0,2.34322295882
2,0,0,29.8893417955
3,8.28408171542,1.29561739403,34.1808107966
4,0,0,0.350590991191
5,0,0,3.25304620476
6,0,0,0.692060130601
7,0,0,0.968828526529
8,0,0,0.27274088441
9,0,0,0.776219573079
10,0.236207227099,0.0134484258341,1.04986053628
11,0,0,1.08792555426
12,0.505862865304,0.0286813686475,2.28124358063
13,0.518227252456,0.0293844239532,2.33726523566
14,0,0,0.27274088441
15,1.03863707456,0.25697839152,2.72410011384
16,0,0,0.452165996399
17,0.47643641601,0.0270583581697,2.14316341906
18,0,0,4.7787374938
19,0,0,0.43849979393
20,1.00685404377,0.307175986681,2.42315479823
21,0.566838484301,0.0322673134073,2.52053402211
22,0.56782182284,0.0323175973899,2.52652632772
23,1.10719781317,0.273738871379,2.91054845586
24,0.231083183472,0.0131153121747,1.03900439491
25,0.567803779609,0.0323206302185,2.5251371397
26,0.571155254944,0.0325343340052,2.54356192639
27,0,0,4.25246819747
28,6.53518808681,2.01280390311,15.4192592299
29,1.16445099877,0.0663834686285,5.14956240084
30,0,0,2.20394056683
31,7.48548836271,3.18746526807,14.6886686189
32,0.820044257635,0.292336221336,1.78613135097
33,0,0,10000
34,0,0,10000
35,0,0,10000
36,9.23723659664,4.16933796866,17.5361107774
37,2.77175177905,1.3112620467,5.13630002991
38,3.07609834717,0.763106631163,8.02277251234
39,7.12271172468,2.61638432654,15.1865265514
40,12.6648760186,7.76361849491,19.9659037585
41,1.30604038453,0.0744403889154,5.78039189136
42,355.011498134,14.6329212102,10000
43,0,0,26.9386890926