site,MLE,Lower,Upper
1,0,0,3.68158919778
2,0,0,4.86215051064
3,6.18748201708,1.00194522938,22.2186936625
4,0,0,0.564576062279
5,0,0,0.564576062279
6,0,0,0.564576062279
7,0,0,0.564576062279
8,0,0,0.0176901498524
9,0,0,0.564576062279
10,0.295495080497,0.0168565172384,1.30408384033
11,0,0,0.564576062279
12,0.295517186416,0.0168577762486,1.30415165945
13,0.302190391642,0.017236929298,1.33399833455
14,0,0,0.0176901498524
15,0.936842823038,0.23260541059,2.44022617372
16,0,0,0.564576062279
17,0.295556035701,0.0168598597624,1.30439897074
18,0,0,0.564576062279
19,0,0,0.0176901498524
20,0.0464529115752,0.013896174158,0.117445620424
21,0.295534382523,0.0168586375246,1.30426961016
22,0.300256713376,0.0171271601637,1.32533437106
23,0.903644713085,0.22435533377,2.3519891686
24,0.00960247337882,0.000542078452266,0.0441310696729
25,0.295952834478,0.0168821004948,1.30622927133
26,0.295984254234,0.0168838620202,1.30637674633
27,0,0,0.564576062279
28,1.21353012815,0.375961103173,2.83158745507
29,0.29575853183,0.0168715105291,1.30525568089
30,0,0,0.564576062279
31,2.3183224025,0.974641864365,4.52770766167
32,0.0577431203158,0.020153863271,0.133850441032
33,0,0,4909.21481867
34,0,0,4909.21481867
35,0,0,4909.21481867
36,2.68071228304,1.21891078363,5.03382244631
37,3.08856467074,1.47504039247,5.62429704484
38,0.911691552358,0.226431622083,2.37333970567
39,1.52903377524,0.54701611492,3.30460765282
40,6.71375631695,4.00687808197,10.7159172758
41,0.402996365865,0.0229834074605,1.7802329651
42,127.0,0.641902275873,4909.22095032
43,0,0,9.09126991875