site,MLE,Lower,Upper
1,0,0,6.91456724944
2,0,0,5.71637733336
3,7.157871375,1.11603007384,36.6394960699
4,0,0,1.0358921918
5,0,0,0.635887441859
6,0,0,0.624378747213
7,0,0,0.911557923299
8,0,0,0.571453835366
9,0,0,1.69701970135
10,0.319349697713,0.0182063539477,1.41238089757
11,0,0,1.12699582762
12,0.478553252969,0.0272425139764,2.12853349168
13,0.492298921464,0.0280276715657,2.18973046625
14,0,0,0.571453835366
15,0.808817902242,0.20045789977,2.11331121987
16,0,0,0.610717768586
17,0.437187220549,0.0248828284401,1.94420732782
18,0,0,1.28829556514
19,0,0,0.528049919216
20,1.17022943527,0.360951133936,2.75441369282
21,0.585214367602,0.0333547244385,2.5905718133
22,0.582279374331,0.0331718871903,2.58192390649
23,0.973944319282,0.241217626775,2.54855431925
24,0.279739032963,0.0159319446982,1.24184333907
25,0.585676271891,0.0333806953152,2.59279069633
26,0.587888849324,0.0335193100194,2.60463878232
27,0,0,0.952828407199
28,1.35480572952,0.418943001099,3.1818873048
29,0.722099239774,0.0412100575585,3.19115529605
30,0,0,1.38500954634
31,2.86040277391,1.22198761232,5.58826648049
32,1.55447602542,0.55276835148,3.39749566976
33,0,0,10000
34,0,0,10000
35,0,0,10000
36,5.93290962313,2.69878609748,11.1456549987
37,3.14274471753,1.49989320857,5.73239117354
38,1.17950816201,0.292370088288,3.08086609563
39,2.55037665224,0.911812968317,5.51758399786
40,11.0386677487,6.70498385717,17.3570780282
41,0.51296628007,0.0292287124733,2.27345761496
42,149.129278188,1.98012391332,10000
43,0,0,16.6934215884