site,MLE,Lower,Upper
1,0,0,5.26928697443
2,0,0,7.22728973123
3,6.71094955853,1.03588568215,41.3533934874
4,0,0,0.808714657038
5,0,0,0.769982194794
6,0,0,0.614339258394
7,0,0,0.667628658846
8,0,0,0.797288908547
9,0,0,1.60056984451
10,0.299830405296,0.0170917461389,1.32654636776
11,0,0,0.813395937202
12,0.354056540875,0.0201219164061,1.58434938757
13,0.362915345607,0.0206267759189,1.62345074187
14,0,0,0.797288908547
15,0.801723179309,0.198664385258,2.09590864621
16,0,0,0.573689722321
17,0.338596297671,0.0192594331329,1.51240566239
18,0,0,1.39898262466
19,0,0,0.70521309275
20,1.51162925585,0.464195929296,3.58001817916
21,0.424103875628,0.0241766994527,1.88036201456
22,0.426207127416,0.0242756250503,1.89136924018
23,0.957611360752,0.237167286489,2.50804434072
24,0.369604352558,0.0210223291674,1.64869630843
25,0.424708099854,0.0241896160237,1.881596155
26,0.42609571073,0.0242739823348,1.88948917059
27,0,0,0.793557683288
28,1.63547787584,0.503533348105,3.86383306915
29,0.983428237549,0.0560879922075,4.34276916639
30,0,0,1.88858623018
31,2.8016633763,1.19348425184,5.50093714862
32,2.35584800302,0.840252851761,5.11991589033
33,0,0,10000
34,0,0,10000
35,0,0,10000
36,7.75499869681,3.52643260507,14.5986908673
37,3.05208974796,1.45708388106,5.5654322104
38,1.16501518973,0.28830795014,3.05668778048
39,2.61407385481,0.934652358777,5.65856909214
40,12.058817481,7.2196179395,19.227314005
41,0.503995100865,0.028675302529,2.24366438888
42,249.87535114,2.12549744787,10000
43,0,0,19.461338822