site,MLE,Lower,Upper
1,0,0,0.676576700007
2,0,0,0.66337298801
3,0.848497873911,0.135151525179,3.25073172647
4,0,0,0.093031544282
5,0,0,0.0646591078084
6,0,0,0.0846703843705
7,0,0,0.0972431441257
8,0,0,0.0590566808139
9,0,0,0.109283924866
10,0.0354632093192,0.00202177114003,0.156848211096
11,0,0,0.115149190054
12,0.0506363255667,0.00288177206521,0.225405453145
13,0.0523722914361,0.00298091604482,0.233042283119
14,0,0,0.0590566808139
15,0.0924987268107,0.0229315487264,0.241817673038
16,0,0,0.0679364631717
17,0.0467002508288,0.00265823271675,0.207779957369
18,0,0,0.190702744496
19,0,0,0.0584343486085
20,0.131206225912,0.0403214746292,0.311190389099
21,0.0599160963559,0.0034137839475,0.265571901477
22,0.0598268672781,0.00340755901548,0.265492566411
23,0.130079926165,0.0321918848925,0.341260436959
24,0.0308171687979,0.00175256047104,0.137561837319
25,0.0600079227156,0.0034189784073,0.265993065684
26,0.0601189003168,0.00342502538377,0.266562241461
27,0,0,0.0864065914836
28,0.137947049928,0.042594291199,0.324248392493
29,0.0890158419894,0.00507583448917,0.39334661093
30,0,0,0.169836519002
31,0.182568604299,0.0778571806691,0.357834453889
32,0.163113220685,0.0578163159787,0.358451833262
33,0,0,5558.84073995
34,0,0,5558.84073995
35,0,0,5558.84073995
36,0.729319047396,0.333647366639,1.3661264952
37,0.353766870811,0.169208924651,0.644113500582
38,0.0732087740724,0.0181367866574,0.191683159643
39,0.202505078322,0.072193327867,0.440170597921
40,1.10184290199,0.643626072121,1.83720882741
41,0.0308314740733,0.00175581303935,0.136944876829
42,26.5907841799,0.42880286743,5558.83922841
43,0,0,1.13133700135