site,MLE,Lower,Upper
1,0,0,22.3785458159
2,0,0,27.1094648409
3,33.4899998499,5.44109377126,116.851103691
4,0,0,2.13811844015
5,0,0,2.13811844015
6,0,0,2.13811844015
7,0,0,2.13811844015
8,0,0,0.0699952421784
9,0,0,2.13811844015
10,1.11634637954,0.063600994263,4.95465651489
11,0,0,2.13811844015
12,1.11636518368,0.0636020614277,4.95485430062
13,1.19439606106,0.0679944129851,5.31176529402
14,0,0,0.0699952421784
15,3.84450006062,0.94831595617,10.1762932162
16,0,0,2.13811844015
17,1.11746310136,0.0636612221872,4.96128544572
18,0,0,2.13811844015
19,0,0,0.0699952421784
20,0.275624271755,0.0730601343056,0.80585117801
21,1.11746235462,0.0636611786447,4.96128262356
22,1.16834854848,0.0665347406741,5.19225901163
23,3.41388434981,0.844292334868,8.99195818348
24,0.0407679874892,0.00224189517946,0.211079618514
25,1.11765286681,0.0636744036666,4.9608828164
26,1.11764420775,0.0636739010119,4.96073301246
27,0,0,2.13811844015
28,4.5999216886,1.41458011913,10.880306506
29,1.11638443437,0.0636031539098,4.95494147308
30,0,0,2.13811844015
31,9.52530760185,3.89759767779,19.5052235838
32,0.36585559562,0.119631013862,0.911112546702
33,0,0,8435.53119509
34,0,0,8435.53119509
35,0,0,8435.53119509
36,11.3126449968,5.03399358529,22.4451530997
37,14.0259967855,6.53902441417,26.7708049767
38,3.44187368185,0.851456467585,9.06909430675
39,5.98158604845,2.12171052409,13.2295449516
40,49.9314621988,20.0867936192,89.6290555072
41,1.6974028898,0.0966475762283,7.5586778198
42,639.0,1.63631372679,8435.47996396
43,0,0,23.5260324854