site,MLE,Lower,Upper
1,0,0,0.00543598949951
2,0,0,90.4244239438
3,0,0,90.4244239438
4,0.00320059409885,0.000154815650985,0.0549701332512
5,0.0531339619939,0.00485847438981,0.418937442481
6,0.631431715455,0.31600910543,1.14636163318
7,2.5708681107,1.03305156075,5.18015826127
8,0.33316011965,0.117697028758,0.732658613992
9,0.0362350894154,0.00377569055269,0.169669179095
10,0.277825261951,0.131356299583,0.515221232083
11,0.400933283789,0.000404500040329,1.78018744281
12,0.585227760661,0.145011150844,1.52907099212
13,0.191085965159,0.0578849692226,0.460528406976
14,0.331856704787,0.0253463207952,0.863444117954
15,4.77964928035,2.58877744165,8.11573684959
16,0.538907342605,0.133488167465,1.40797196461
17,0.0291460320293,0.00413148077481,0.21874890011
18,1.1653185632,0.289899212517,3.04330775192
19,0.286216989713,0.0599721392601,0.795420030675
20,0.0223176677247,0.00348926126618,0.0990052167193
21,1.23174262291,0.31017324685,3.21835658279
22,0.109054200194,0.00714790931861,0.915055537438
23,2.22187699378,0.875449365587,4.56362752576
24,2.14381043876,0.845830874642,4.39692708451
25,1.13017615041,0.283355652099,2.95271235059
26,0.415997715481,0.182580922906,0.822375980625
27,1.24178219165,0.638582695071,2.27501481986
28,0.145861573786,0.0574257304799,0.31527376231
29,0.308333501982,0.12748563561,0.620144709784
30,0.112883045562,0.0187826283819,0.480732058723
31,1.15919736898,0.635092143831,1.96334311409
32,0.00856309317155,0.000439026034636,0.130083549819
33,0.0128174339255,0.0007094506772,0.0711245724877
34,3.04510982829,1.44511634583,5.59367471353
35,0.031555340016,0.00515885570355,0.205808032884
36,0.0686078688088,0.0169328235451,0.409334869366
37,0.0147979691303,0.00076623997403,0.144409276973
38,1.32065448909,0.405710913404,3.11422491113
39,0.0717480496826,0.0122457950609,0.432323936543
40,2.57680400216,0.999546727706,5.3776142634
41,0.316713199081,0.009780819374,90.4244100636
42,0.00766569706341,0.000366477530588,90.4244236951
43,0.0164385270482,0.000819453229609,90.4244221968
44,0,0,90.4244239438
45,0,0,90.4244239438
46,0,0,90.4244239438
47,0,0,90.4244239438
48,0,0,90.4244239438
49,0,0,90.4244239438
50,0,0,90.4244239438
51,0,0,90.4244239438
52,0,0,90.4244239438
53,0,0,90.4244239438
54,0,0,90.4244239438
55,0,0,90.4244239438
56,0,0,90.4244239438
57,0,0,90.4244239438
58,0.32366479995,0.00823647165078,90.4244194944