site,MLE,Lower,Upper
1,0,0,1.14980964492
2,0,0,2882.30669759
3,0,0,2882.30669759
4,0.211741605782,0.011795626204,1.01371381097
5,0.286283717035,0.0162082840694,1.26831571795
6,2.19058367031,1.06274951213,3.98859913516
7,1.30764027672,0.475113911915,3.00735716802
8,0.949182146929,0.367659462151,2.02123758449
9,0.118418846764,0.0066698474206,0.54395669164
10,1.63650576957,0.781183010494,3.06486296877
11,0.172827560061,0.00974604567364,0.803350295325
12,1.20164883779,0.378096149735,2.79335100132
13,0.884216085513,0.320039389032,1.93757916724
14,0.544832036093,0.0855204484914,2.08221972766
15,3.69420869872,1.92313640171,6.46725085804
16,1.28249719667,0.440650147604,2.85607038808
17,0.419048327153,0.0593087903531,1.72643208987
18,0.882145862641,0.29730428447,2.07127564386
19,0.743462144653,0.208138368512,2.09452774633
20,0.212826872934,0.0350348279207,0.681191635887
21,0.705589036461,0.204273335762,1.85495922397
22,0.242077245826,0.0367233553207,0.953043182348
23,1.65052675337,0.660847840871,3.40844981179
24,1.72712565863,0.639677530472,3.81510085593
25,1.0688999698,0.364531449341,2.4165374204
26,1.52212282923,0.63297041169,3.07235781432
27,3.740879988,2.03642182367,6.41500474081
28,0.966031665851,0.402559413595,1.99557235305
29,1.16620250742,0.520715332274,2.27697221038
30,0.610854530409,0.113961754552,2.10740709966
31,3.0362640616,1.58431559211,5.29935676873
32,0.0981005749161,0.00545910065422,0.492006445909
33,0.148503188292,0.00839192578544,0.683187509612
34,2.84437250778,1.44536242362,5.03997788461
35,0.262186311789,0.0398815872923,1.00608183649
36,0.621115123293,0.14367852353,1.71375342636
37,0.138696413665,0.00778098556525,0.675707007688
38,0.901544838739,0.293443240653,2.23277769284
39,0.418454519966,0.0737529331135,1.33723252936
40,1.68562034835,0.625801120107,3.6817106128
41,6.0069173408,0.253921393348,2882.30662492
42,0.231283848315,0.0113131266916,2882.30670801
43,0.6049472177,0.0209211105624,2882.30672902
44,0,0,2882.30669759
45,0,0,2882.30669759
46,0,0,2882.30669759
47,0,0,2882.30669759
48,0,0,2882.30669759
49,0,0,2882.30669759
50,0,0,2882.30669759
51,0,0,2882.30669759
52,0,0,2882.30669759
53,0,0,2882.30669759
54,0,0,2882.30669759
55,0,0,2882.30669759
56,0,0,2882.30669759
57,0,0,2882.30669759
58,1.86655709384,0.0680144187778,2882.30667735