site,MLE,Lower,Upper
1,0,0,0.908540175968
2,0,0,2800.57054752
3,0,0,2800.57054752
4,0.176063205648,0.00990681780284,0.81850620412
5,0.211134974231,0.0118914692579,0.955536205399
6,3.02151636443,1.47325102798,5.56881984594
7,1.28916898918,0.471077831461,2.93233409558
8,1.06836071849,0.41513396045,2.25184831248
9,0.12358693227,0.00697611863348,0.561636551089
10,2.57981236851,1.18789024683,4.91181700818
11,0.168011637497,0.00944090394293,0.787750650255
12,0.944310922217,0.292104162318,2.2138233727
13,1.19063673937,0.442518717663,2.58476467895
14,0.5282294175,0.0934076511628,1.66907098995
15,3.52366773038,1.81631188337,6.23725276287
16,0.999754885431,0.34005565913,2.2412180852
17,0.33316011965,0.0550428320699,1.0767284506
18,0.817249799751,0.273523701506,1.95047032345
19,0.551635615527,0.152668441575,1.47777392441
20,0.24500942378,0.0410776810978,0.781215620861
21,0.664533982502,0.191652932422,1.76316061002
22,0.261361970426,0.0377103042713,1.01075780525
23,1.49583699937,0.575687118421,3.20438190882
24,1.80376526526,0.694203832861,4.01559661979
25,1.05467197911,0.373421459725,2.34445778653
26,2.2808529692,1.02684673696,4.41178983858
27,3.89511372873,2.10285415639,6.72378541238
28,1.49225403659,0.640958826757,3.08250761066
29,1.73868736029,0.777757595187,3.49414842801
30,0.424291520567,0.0731648410599,1.36840012779
31,3.10357747582,1.62996858267,5.38196627231
32,0.110877145498,0.00615892892244,0.552645232299
33,0.243289620961,0.013776047254,1.10673189613
34,2.50789842631,1.25598788079,4.49800816394
35,0.255999814561,0.0378137958699,0.970395597808
36,0.4850238822,0.113258832488,1.31117648217
37,0.10169080858,0.00571134439918,0.488665243409
38,0.806389033177,0.25714626601,2.05907803169
39,0.284795260484,0.04633964326,0.962353610421
40,2.07371620798,0.768463115567,4.54033433026
41,90.0125142207,0.261174567055,2800.56728023
42,0.218893471983,0.0111231744042,2800.5705407
43,0.754487429939,0.0258890762201,2800.57055988
44,0,0,2800.57054752
45,0,0,2800.57054752
46,0,0,2800.57054752
47,0,0,2800.57054752
48,0,0,2800.57054752
49,0,0,2800.57054752
50,0,0,2800.57054752
51,0,0,2800.57054752
52,0,0,2800.57054752
53,0,0,2800.57054752
54,0,0,2800.57054752
55,0,0,2800.57054752
56,0,0,2800.57054752
57,0,0,2800.57054752
58,1.44281456506,0.0700013156632,2800.57044823