site,MLE,Lower,Upper
1,0,0,1.2974670537
2,0,0,3623.12965812
3,0,0,3623.12965812
4,0.233111663476,0.013121275563,1.08019384583
5,0.213238648272,0.0120714837148,0.95842244753
6,2.10996611686,1.02697643531,3.84060737498
7,1.44558517886,0.545833022987,3.3098926503
8,1.08007649321,0.420539957518,2.27406611363
9,0.121822430664,0.00688965901752,0.553393827922
10,1.67181617487,0.800387982418,3.1241601682
11,0.209800128155,0.0118940733842,0.950532058846
12,0.937478437442,0.290666201236,2.19491846394
13,0.905416115556,0.327455009442,1.96156626725
14,0.692750700832,0.113018559031,2.40097145327
15,2.93900479625,1.53728192319,5.13149326188
16,0.992589054992,0.322271857395,2.24933738448
17,0.509980395323,0.0737988538626,1.9045470637
18,0.974993794365,0.322231015814,2.34193804188
19,0.696736203053,0.19990392977,1.90613053969
20,0.224265925616,0.0370990790145,0.709047120364
21,0.785975903278,0.234807976799,1.99864497407
22,0.293384079895,0.0440844865014,1.13860055465
23,1.76034623483,0.662272231773,3.78126875326
24,1.83944926624,0.71465718504,3.97214289578
25,1.2420649166,0.444608962161,2.74922924807
26,1.48180318168,0.630149654355,2.96314102525
27,3.81665123222,2.09184345197,6.50801235113
28,0.994552815577,0.415534754091,2.04158413599
29,1.16060900266,0.51791636684,2.25581946634
30,0.6877207647,0.12483982744,2.32886225316
31,2.99657538764,1.56675731084,5.23292597548
32,0.10904174247,0.0061013997621,0.527866727059
33,0.203421496272,0.0115421731933,0.920434779783
34,2.8346468125,1.42436095585,5.03729886904
35,0.317793430399,0.047507698217,1.23039436209
36,0.45189221262,0.0893793940661,1.3038028183
37,0.124041829222,0.00700161369339,0.5806485659
38,0.853597791854,0.278368336263,2.25801157886
39,0.344090866714,0.0574401664147,1.10850361929
40,1.9895824487,0.744526229778,4.31942611053
41,334.737704918,0.276087427192,3623.14448715
42,0.280668751672,0.0138798922749,3623.12965184
43,0.595399701735,0.0236680880944,3623.12963995
44,0,0,3623.12965812
45,0,0,3623.12965812
46,0,0,3623.12965812
47,0,0,3623.12965812
48,0,0,3623.12965812
49,0,0,3623.12965812
50,0,0,3623.12965812
51,0,0,3623.12965812
52,0,0,3623.12965812
53,0,0,3623.12965812
54,0,0,3623.12965812
55,0,0,3623.12965812
56,0,0,3623.12965812
57,0,0,3623.12965812
58,1.44281456506,0.0797462815739,3623.12958848