site,MLE,Lower,Upper
1,0,0,0.000562352371364
2,0,0,3.82045882887
3,0,0,3.82045882887
4,0.000427651641702,1.68736533294e-05,0.149684363012
5,0.00301889522891,0.000126665181576,0.153533333163
6,0.612127245555,0.311339392688,1.08351821546
7,0.428678795042,0.168832345708,0.882288384139
8,0.244105305712,0.0868317573898,0.533070642847
9,0.00121067374322,2.60999453643e-05,0.0736528469618
10,0.451435674351,0.213460549738,0.837321006111
11,0.0681721070553,0.00387064808034,0.302376258896
12,0.248057973411,0.061337756988,0.651543510858
13,0.203465477602,0.0627202740858,0.480146511086
14,0.255999814561,0.0425389129689,0.7919221589
15,0.968963227972,0.497395798359,1.69987546959
16,0.237659887219,0.0587229868175,0.625192381406
17,0.00175829339378,0.000240330783713,0.225126403841
18,0.210856238254,0.0522138713833,0.552555065089
19,0.252200274968,0.0621381734765,0.668938620534
20,0.000990879309362,0.000164235008238,0.0411850899573
21,0.212951969691,0.0527110947143,0.558556090093
22,0.000734379347301,8.54959989964e-05,0.116247750045
23,0.437991263497,0.172583913656,0.902190911968
24,0.462543795983,0.164490707636,1.00925750957
25,0.210365473688,0.0520957106012,0.551169083543
26,0.457686159611,0.207248902636,0.868878453416
27,0.996205590549,0.5323580274,1.705264883
28,0.241752168731,0.085832676195,0.52973103618
29,0.294402482536,0.115950734445,0.606800221183
30,0.120710251775,0.00685215112231,0.533010939296
31,0.805441148261,0.422350813605,1.40522514298
32,0.000361687996116,1.84902605822e-05,0.0711766005396
33,0.0903943150926,0.00501249020031,0.400378926601
34,0.692136812519,0.329386845243,1.26949362295
35,0.00107062936961,0.000119489665381,0.138198852392
36,0.00552579693451,0.000696096408743,0.156499344605
37,0.000361404795411,1.90772548031e-05,0.0476212246252
38,0.295219485201,0.0911497158164,0.693982584403
39,0.00316569580245,0.000359032001668,0.152884557016
40,0.400575426033,0.124520273403,0.933106916179
41,1.22197533607,0.000404464645616,3.82052005638
42,1.22197533607,6.29918630452e-05,3.82052005638
43,1.22197533607,6.29918630452e-05,3.82052005638
44,0,0,3.82045882887
45,0,0,3.82045882887
46,0,0,3.82045882887
47,0,0,3.82045882887
48,0,0,3.82045882887
49,0,0,3.82045882887
50,0,0,3.82045882887
51,0,0,3.82045882887
52,0,0,3.82045882887
53,0,0,3.82045882887
54,0,0,3.82045882887
55,0,0,3.82045882887
56,0,0,3.82045882887
57,0,0,3.82045882887
58,1.22197533607,0.00012598372609,3.82052005638