site,MLE,Lower,Upper
1,0,0,0.0341002544876
2,0,0,301.229870247
3,0,0,301.229870247
4,0.0188162071796,0.000942853159544,0.168360819501
5,0.0485762199649,0.00256010649671,0.229650904071
6,1.04190139976,0.525005708537,1.8757369304
7,0.503599148248,0.196080198326,1.04632486849
8,0.317823463536,0.111730883428,0.69731703461
9,0.0221622118613,0.00110174055124,0.124312161465
10,0.886398799978,0.417941470412,1.64318929631
11,0.0168817956366,0.00085117658058,0.214035698909
12,0.235911124408,0.0686742833476,0.607769784186
13,0.314362592868,0.100886927591,0.748218974602
14,0.241752168731,0.0165796654791,0.683782207678
15,1.14543384782,0.582031879861,2.03207190687
16,0.230553952366,0.0690626690978,0.591183451222
17,0.0378337887114,0.00570520074802,0.185363714255
18,0.233260887634,0.0538219249221,0.63404374097
19,0.118351227497,0.0225986830425,0.528937307408
20,0.0274000623773,0.00413526857155,0.113033541878
21,0.255273818227,0.0609195458806,0.660424314516
22,0.0282955923156,0.00392287809131,0.178248798071
23,0.507673743168,0.193065255678,1.0540642374
24,0.579509214361,0.205541378646,1.28682276835
25,0.249171946498,0.0800769672225,0.637311131249
26,0.810599157632,0.382450266646,1.51316597932
27,1.28236486827,0.686358902138,2.21006654285
28,0.451460618127,0.151676216387,0.997006662316
29,0.604194526854,0.232080209409,1.21891887123
30,0.0861561699813,0.0129385798274,0.383876341892
31,1.02810932741,0.53825786413,1.79014116734
32,0.0152709392105,0.000802028627328,0.119332011761
33,0.0253097406415,0.00142863927374,0.118813920768
34,0.745785404324,0.35379116461,1.37713841056
35,0.0279786006848,0.00397962749511,0.180040074192
36,0.0850765046424,0.0201177080493,0.270104169752
37,0.0120096630968,0.000651522560406,0.0892400981165
38,0.317141243735,0.091139096321,0.756987552942
39,0.051558603335,0.00799975212375,0.218588421781
40,0.59163541474,0.190980702796,1.38763629851
41,10.5623645035,0.0206964912744,301.229970544
42,0.0174217348823,0.000888036692123,301.229873092
43,0.0600494788422,0.00206751900244,301.229867105
44,0,0,301.229870247
45,0,0,301.229870247
46,0,0,301.229870247
47,0,0,301.229870247
48,0,0,301.229870247
49,0,0,301.229870247
50,0,0,301.229870247
51,0,0,301.229870247
52,0,0,301.229870247
53,0,0,301.229870247
54,0,0,301.229870247
55,0,0,301.229870247
56,0,0,301.229870247
57,0,0,301.229870247
58,0.120372412327,0.00583365330125,301.229873725