site,MLE,Lower,Upper
1,0,0,0.193464769646
2,0,0,1195.94401647
3,0,0,1195.94401647
4,0.0471031952591,0.0026194496442,0.234075249581
5,0.493454409573,0.0519740119238,1.82435043747
6,1.54930980588,0.763842545974,2.83438505877
7,5.35706185331,1.46381176754,12.8588331514
8,0.877368519475,0.337987429189,1.88923487431
9,0.199314893129,0.018359149299,0.701695002702
10,0.702459065234,0.337862857842,1.30204127774
11,0.502843073831,0.0282786936592,2.32896750921
12,1.69017769885,0.532179691312,4.0924357347
13,0.527522302107,0.194604434396,1.20090224037
14,0.667323439057,0.164932899263,1.75329824117
15,10.8558039925,5.62428293048,19.0486732326
16,1.5584530794,0.517483436111,3.75002297317
17,0.38761563358,0.0976607958929,1.15326565362
18,2.22058288919,0.699484182572,6.88962024265
19,0.639658786513,0.148265022751,1.89322467738
20,0.141702085158,0.0225335795553,0.452484278978
21,1.82063534212,0.585463658597,5.24592245141
22,1.30029951966,0.280595935021,4.08907382426
23,5.40739884941,1.46077113345,11.5828325128
24,5.50303995964,2.19870786711,11.2891587663
25,3.27507677946,1.13846187135,7.85719311433
26,1.02001301295,0.426732545974,2.05341164519
27,2.98445051343,1.52301530839,5.5145019709
28,0.393759874108,0.161063796213,0.824392979858
29,0.836049334311,0.395117403561,1.60754879416
30,0.484899844666,0.104103772495,1.45467320571
31,2.95926788187,1.62236064901,5.00255467769
32,0.0762375853289,0.00414924270544,0.443180768787
33,0.136529794154,0.00764509693802,0.661919420598
34,7.7718999493,3.67157137556,14.2934687854
35,0.326733856068,0.0852461999362,0.940380289733
36,0.550325394941,0.154429104267,1.611318413
37,0.140799322937,0.00768254840875,0.775784933445
38,2.87929593561,0.506218702452,7.74177772753
39,0.663168976831,0.129106350349,2.04294845353
40,6.63218074916,2.59061354048,13.8371616936
41,4.17334520941,0.129302631369,1195.94416599
42,0.101012859732,0.00480588733185,1195.94401327
43,0.216583872141,0.0107859647739,1195.94401463
44,0,0,1195.94401647
45,0,0,1195.94401647
46,0,0,1195.94401647
47,0,0,1195.94401647
48,0,0,1195.94401647
49,0,0,1195.94401647
50,0,0,1195.94401647
51,0,0,1195.94401647
52,0,0,1195.94401647
53,0,0,1195.94401647
54,0,0,1195.94401647
55,0,0,1195.94401647
56,0,0,1195.94401647
57,0,0,1195.94401647
58,4.155674515,0.105745570089,1195.9438848