site,MLE,Lower,Upper
1,0,0,1.46672763037
2,0,0,633.030056484
3,0,0,633.030056484
4,0.344809490386,0.0194876061654,1.57399702981
5,0.344809577286,0.0194876061145,1.57399702981
6,0.917082301024,0.366746989042,1.95513108831
7,2.1380968955,0.757420791821,5.37734726007
8,2.41630379925,0.922503774789,5.15850522606
9,0.344809577277,0.0194876061145,1.57399702981
10,0.792382124756,0.277405261654,1.66982814838
11,0.285495529781,0.0162128146588,1.29707875143
12,1.53283852882,0.460133958604,3.77779235346
13,0.121722578299,0.0371993763751,0.621984275599
14,0.575859962139,0.0945943549145,1.88724323989
15,6.33724730529,3.20310931443,11.4903167435
16,1.54223782798,0.463307562616,3.78359924319
17,0.543631016593,0.0876997192959,1.81695830698
18,1.59609612046,0.534119282201,3.80403566688
19,0.960383541072,0.28019146914,2.96824708417
20,0.0288368341959,0.00462601236934,0.0996868203057
21,0.998652538544,0.295732334406,2.70364873347
22,0.543630987503,0.0876997192952,1.81695830698
23,2.6762150424,0.852601184273,5.8272103826
24,2.5527253052,1.00495885241,5.44663304891
25,1.59833078424,0.534778136477,3.80927463846
26,0.455192022819,0.164954405286,1.12716362417
27,3.99252609546,1.86969112631,8.81208161756
28,0.127348352941,0.0457386319533,0.378199399909
29,0.185396777672,0.0714088644916,0.619150425584
30,0.660968172508,0.106714754187,2.18930783479
31,6.69203715137,3.5000587746,11.6726175454
32,0.318713853417,0.0179019133935,1.48820611228
33,0.185094061112,0.0105044479903,0.84269478071
34,4.63239013239,2.222865446,8.53421876314
35,0.543630900243,0.0876997192933,1.81695830698
36,0.543630958416,0.0876997192946,1.81695830698
37,0.210525373186,0.011912080839,0.972517716321
38,1.36779616348,0.455424767778,3.74064011043
39,0.543630900243,0.0876997192933,1.81695830698
40,1.93572867927,0.654761907432,4.46360044618
41,79.0,0.0724804053423,633.022729733
42,79.0,0.0724804053423,633.022729733
43,79.0,0.0724804053423,633.022729733
44,0,0,633.030056484
45,0,0,633.030056484
46,0,0,633.030056484
47,0,0,633.030056484
48,0,0,633.030056484
49,0,0,633.030056484
50,0,0,633.030056484
51,0,0,633.030056484
52,0,0,633.030056484
53,0,0,633.030056484
54,0,0,633.030056484
55,0,0,633.030056484
56,0,0,633.030056484
57,0,0,633.030056484
58,79.0,0.0713620569621,633.022729733