site,MLE,Lower,Upper
1,0,0,0.00282206017914
2,0,0,20.6237490458
3,0,0,20.6237490458
4,0.00215957416751,9.30946231226e-05,0.0609624636604
5,0.00601947628969,0.000270386338646,0.0524099489968
6,0.221916597213,0.113114878783,0.392216863198
7,0.183764111071,0.0726137421051,0.376391733199
8,0.0995944717123,0.0354421371489,0.217286036756
9,0.00229004984819,8.58945349269e-05,0.0299748525284
10,0.172788987999,0.0817576539343,0.320079094117
11,0.0291816587432,7.38060228054e-05,0.129297062092
12,0.0729761847186,0.0180809550621,0.190799778077
13,0.074623495793,0.023035823367,0.175677925167
14,0.118638725115,0.0203942296628,0.351898643884
15,0.284215367442,0.145168053852,0.499386121768
16,0.0700017694227,0.0173860278938,0.183196625207
17,0.00659960964676,0.000835793540924,0.0991601531052
18,0.0902669736325,0.0222807593191,0.235850916372
19,0.0887628022138,0.0215687023582,0.235785882512
20,0.00316592809827,0.000462370333493,0.0187598462223
21,0.0917632216976,0.0227744399361,0.239915594511
22,0.00267117182111,0.000338873172104,0.0524325983989
23,0.183171558763,0.0723415050708,0.375511100588
24,0.176522493639,0.0627136242008,0.386795602243
25,0.089171965699,0.0220991664335,0.232943653552
26,0.165357625001,0.0748633225825,0.313744865238
27,0.375328124976,0.201056916244,0.640836509008
28,0.092872185528,0.0330247618104,0.20339980782
29,0.10779190194,0.0424433874123,0.222084062964
30,0.0491463437397,0.00322661486246,0.217099227665
31,0.293955939127,0.153727872173,0.512853639388
32,0.00148381238688,7.54415467255e-05,0.029008098119
33,0.00159688548445,8.93423298832e-05,0.00800738023168
34,0.257717786098,0.122708757497,0.471769712641
35,0.00375385098546,0.000436786223721,0.0654060117003
36,0.0103666817928,0.00190357916687,0.0580372536321
37,0.00123224498449,6.61134746642e-05,0.0158889472044
38,0.113240411795,0.0349193226829,0.266474600319
39,0.0068034396871,0.000955963179115,0.054161697252
40,0.170436267892,0.0526180996435,0.400675923507
41,0.997527366593,0.00156361819978,20.6236891366
42,0.997403974055,5.14153867755e-05,20.6237291978
43,0.997403974055,0.000102830773551,20.6237291978
44,0,0,20.6237490458
45,0,0,20.6237490458
46,0,0,20.6237490458
47,0,0,20.6237490458
48,0,0,20.6237490458
49,0,0,20.6237490458
50,0,0,20.6237490458
51,0,0,20.6237490458
52,0,0,20.6237490458
53,0,0,20.6237490458
54,0,0,20.6237490458
55,0,0,20.6237490458
56,0,0,20.6237490458
57,0,0,20.6237490458
58,0.997403974055,0.00051597668477,20.6237291978