site,MLE,Lower,Upper
1,0,0,1.07762223564
2,0,0,2364.76358729
3,0,0,2364.76358729
4,0.239207912131,0.0134235023749,1.11888611407
5,0.149317184371,0.00851337099018,0.663195699216
6,2.62577114788,1.28326721239,4.80794612917
7,1.59491557486,0.576501728109,3.72805109031
8,1.57815445631,0.611481325179,3.37486993266
9,0.164871583033,0.00944923404906,0.72603458747
10,2.02742837089,0.963228753891,3.81699334153
11,0.200782983467,0.011205493004,0.951688250582
12,0.632459414891,0.188723381292,1.53004355944
13,1.03766198674,0.373286830384,2.29667325087
14,0.446200604198,0.073197502591,1.43739187391
15,3.31278059982,1.71148043307,5.8582021264
16,0.675555859209,0.217134588711,1.54181244061
17,0.34379952447,0.0623336745532,1.0711218659
18,0.959134415072,0.325486680673,2.34183340037
19,0.870809520955,0.240036637608,2.43271230306
20,0.244920182579,0.0398359127775,0.804524605118
21,0.857592623576,0.257291111572,2.22431694495
22,0.297627688401,0.0461316689876,1.12958021444
23,1.81546139121,0.711004925137,3.92869522163
24,1.98629606007,0.76578774577,4.37365318142
25,1.28916898918,0.460145376172,2.88307506131
26,1.91103132547,0.808816718396,3.8083810068
27,4.40456259028,2.37601693401,7.58491334116
28,1.11105341183,0.459712878589,2.34854105248
29,1.3425013659,0.568420970803,2.78692206247
30,0.374161066082,0.0689361557663,1.22260631821
31,3.38095563575,1.78048996386,5.83370601608
32,0.0940307983685,0.00521231257693,0.479297765083
33,0.237697903521,0.0134575047311,1.08595625459
34,2.38903663582,1.17045318245,4.36256588997
35,0.3943785656,0.0570311875458,1.71249885616
36,0.290914988797,0.0585417013946,0.869901688499
37,0.0978277073104,0.00545494258605,0.500744251949
38,0.787380741471,0.220612446381,2.19375195492
39,0.338802725246,0.0622187894552,1.05097570012
40,2.94478310911,1.05992445673,6.72000126595
41,73.1427247451,0.20271230472,2364.76117987
42,0.247562535527,0.012170491536,2364.76357118
43,0.23473094357,0.010395918661,2364.76360931
44,0,0,2364.76358729
45,0,0,2364.76358729
46,0,0,2364.76358729
47,0,0,2364.76358729
48,0,0,2364.76358729
49,0,0,2364.76358729
50,0,0,2364.76358729
51,0,0,2364.76358729
52,0,0,2364.76358729
53,0,0,2364.76358729
54,0,0,2364.76358729
55,0,0,2364.76358729
56,0,0,2364.76358729
57,0,0,2364.76358729
58,1.05425540863,0.0528168116165,2364.76368432