site,MLE,Lower,Upper
1,0,0,0.0905403895404
2,0,0,515.222928178
3,0,0,515.222928178
4,0.0746170314753,0.00340579703035,0.711453963263
5,0.0873588219647,0.00459045218588,0.46572119615
6,2.70531810938,1.36318217133,4.86251582392
7,1.92802435356,0.75412103792,4.01600308393
8,1.50879631915,0.535577680292,3.29767674
9,0.0734406562438,0.00403875255783,0.454304220319
10,2.08270064744,0.983645168986,3.87166690798
11,0.0483006632501,0.00235203226284,0.990741246093
12,0.522078670698,0.143000146619,1.35371085102
13,0.88490790831,0.273730334391,2.10909427371
14,0.606861492828,0.0343678754495,1.81211645208
15,3.31765738734,1.69120894872,5.84998333148
16,0.488643401745,0.140333248209,1.26204023312
17,0.129963804235,0.0221767362619,0.61039607442
18,0.928909657623,0.213310079834,2.45553914282
19,1.04615067161,0.166369435025,2.78523278307
20,0.0825001712705,0.0121323040684,0.382539999031
21,0.946863240355,0.251754115642,2.49963900456
22,0.0940387971322,0.0124101441995,0.697671323835
23,1.92653106945,0.753258110006,4.00584647243
24,1.85923431414,0.653514683396,4.21035872297
25,0.924433350235,0.259659872063,2.43776855265
26,2.06800338367,0.932693358356,3.96158161191
27,4.38446882431,2.35344340847,7.51937653285
28,1.10339881373,0.388203195252,2.42094089532
29,1.35026792047,0.525909757201,2.79769005414
30,0.225085777832,0.0325777091768,1.09071985692
31,3.35442550795,1.76795587655,5.78718166492
32,0.0371893891714,0.00193048367959,0.339415261225
33,0.0544210902439,0.00306261299994,0.259665287699
34,2.28886446118,1.08033054255,4.24907746089
35,0.189736136401,0.0191024494129,1.16536483093
36,0.140713438417,0.0281556230158,0.513793023567
37,0.0277699791482,0.00149261522776,0.250645734761
38,0.997775392695,0.300106042393,2.38350037795
39,0.152417680479,0.0259361258554,0.649492977936
40,2.77747346662,0.8644456331,6.49426751906
41,10.4285714286,0.0452978250444,515.223328736
42,0.0551452080512,0.00270401720466,515.222925093
43,0.0522628018232,0.00230919971757,515.222924618
44,0,0,515.222928178
45,0,0,515.222928178
46,0,0,515.222928178
47,0,0,515.222928178
48,0,0,515.222928178
49,0,0,515.222928178
50,0,0,515.222928178
51,0,0,515.222928178
52,0,0,515.222928178
53,0,0,515.222928178
54,0,0,515.222928178
55,0,0,515.222928178
56,0,0,515.222928178
57,0,0,515.222928178
58,0.242959552414,0.0121472527752,515.222914923