site,MLE,Lower,Upper
1,0,0,0.0017384852757
2,0,0,1.00009379526
3,0,0,1.00009379526
4,0.00457172251896,0.000118278991343,0.601717648422
5,0.00457172251934,0.000118278991344,0.601716191242
6,0.250271393093,0.105765729406,0.638497149486
7,1.00007500281,0.587522121039,1.00007500281
8,1.00007500281,0.500936120625,1.00007500281
9,0.00457172867873,0.000118278993194,0.601716191238
10,0.152937775376,0.0649306951228,0.359709415204
11,0.318170346209,0.0181449835014,1.00009211115
12,0.967025999399,0.239685077389,1.00012296222
13,0.0532707125076,0.0156803367397,0.142173746657
14,0.630403255591,0.104745848665,1.00005817496
15,1.00009375439,0.798580588792,1.00009375439
16,0.976140230645,0.242158311339,1.00010701538
17,0.0459728895062,0.0020938830266,0.657110959795
18,0.976701358986,0.242383921759,1.00003967745
19,0.966082621466,0.239613049019,1.00005585176
20,0.00749978827301,0.000732149041736,0.0355031840089
21,0.971073664426,0.240992370664,1.00001098276
22,0.045972889407,0.00209388302659,0.657110959793
23,1.00007500281,0.588024072734,1.00007500281
24,1.00007500281,0.510521503049,1.00007500281
25,0.98661797219,0.244800769269,1.00006729462
26,0.159270499501,0.0669356418286,0.355830420925
27,1.00007500281,0.679272361535,1.00007500281
28,0.063872111718,0.0232739033394,0.151375069836
29,0.0734344186814,0.028802359107,0.164592418121
30,0.311293190353,0.0229761988658,1.00009021553
31,1.00009375439,0.817394368048,1.00009375439
32,0.0459727825925,0.00192669195497,0.6571109598
33,0.311132149204,3.20772329081e-05,1.00009174123
34,1.00007500281,0.74525113998,1.00007500281
35,0.0459728894871,0.00209388302659,0.657110959802
36,0.0459728893841,0.00209388302659,0.657110959794
37,0.0023924756307,0.000103016102898,0.0363114410892
38,1.00007500281,0.395193656861,1.00007500281
39,0.0459728327726,0.00209388302448,0.657110959804
40,1.00007500281,0.386535826758,1.00007500281
41,0.818575616846,0.00237733211295,1.00012156164
42,0.818575616846,0.00237733211295,1.00012156164
43,0.818575616846,0.00237733211295,1.00012156164
44,0,0,1.00009379526
45,0,0,1.00009379526
46,0,0,1.00009379526
47,0,0,1.00009379526
48,0,0,1.00009379526
49,0,0,1.00009379526
50,0,0,1.00009379526
51,0,0,1.00009379526
52,0,0,1.00009379526
53,0,0,1.00009379526
54,0,0,1.00009379526
55,0,0,1.00009379526
56,0,0,1.00009379526
57,0,0,1.00009379526
58,0.818575616846,0.00237203676634,1.00012156164